Year,Laureate_Id_x,Firstname,Lastname,Category,Prize_Share,Motivation,Laureate_Id_y,Gender,Birth_Date,Birth_Country,Birth_City,Birth_Country_Code,Death_Date,Death_Country,Death_City,Death_Country_Code,Organization_Name,Organization_City,Organization_Country
1901,1,Wilhelm Conrad,Röntgen,physics,1,"""in recognition of the extraordinary services he has rendered by the discovery of the remarkable rays subsequently named after him""",1,male,1845-03-27,Prussia (now Germany),Lennep (now Remscheid),DE,10/02/1923,Germany,Munich,DE,Munich University,Munich,Germany
1901,293,Emil,von Behring,medicine,1,"""for his work on serum therapy especially its application against diphtheria by which he has opened a new road in the domain of medical science and thereby placed in the hands of the physician a victorious weapon against illness and deaths""",293,male,1854-03-15,Prussia (now Poland),Hansdorf (now Lawice),PL,31/03/1917,Germany,Marburg,DE,Marburg University,Marburg,Germany
1901,462,Henry,Dunant,peace,2,"""for his humanitarian efforts to help wounded soldiers and create international understanding""",462,male,1828-05-08,Switzerland,Geneva,CH,30/10/1910,Switzerland,Heiden,CH,,,
1901,463,Frédéric,Passy,peace,2,"""for his lifelong work for international peace conferences diplomacy and arbitration""",463,male,1822-05-20,France,Paris,FR,12/06/1912,France,Paris,FR,,,
1901,569,Sully,Prudhomme,literature,1,"""in special recognition of his poetic composition which gives evidence of lofty idealism artistic perfection and a rare combination of the qualities of both heart and intellect""",569,male,1839-03-16,France,Paris,FR,07/09/1907,France,Châtenay,FR,,,
1901,160,Jacobus H.,van 't Hoff,chemistry,1,"""in recognition of the extraordinary services he has rendered by the discovery of the laws of chemical dynamics and osmotic pressure in solutions""",160,male,1852-08-30,the Netherlands,Rotterdam,NL,01/03/1911,Germany,Berlin,DE,Berlin University,Berlin,Germany
1902,161,Emil,Fischer,chemistry,1,"""in recognition of the extraordinary services he has rendered by his work on sugar and purine syntheses""",161,male,1852-10-09,Prussia (now Germany),Euskirchen,DE,15/07/1919,Germany,Berlin,DE,Berlin University,Berlin,Germany
1902,571,Theodor,Mommsen,literature,1,"""the greatest living master of the art of historical writing with special reference to his monumental work <I>A history of Rome</I>""",571,male,1817-11-30,Schleswig (now Germany),Garding,DE,01/11/1903,Germany,Charlottenburg,DE,,,
1902,465,Albert,Gobat,peace,2,"""for his eminently practical administration of the Inter-Parliamentary Union""",465,male,1843-05-21,Switzerland,Tramelan,CH,16/03/1914,Switzerland,Bern,CH,,,
1902,464,Élie,Ducommun,peace,2,"""for his untiring and skilful directorship of the Bern Peace Bureau""",464,male,1833-02-19,Switzerland,Geneva,CH,07/12/1906,Switzerland,Bern,CH,,,
1902,3,Pieter,Zeeman,physics,2,"""in recognition of the extraordinary service they rendered by their researches into the influence of magnetism upon radiation phenomena""",3,male,1865-05-25,the Netherlands,Zonnemaire,NL,09/10/1943,the Netherlands,Amsterdam,NL,Amsterdam University,Amsterdam,the Netherlands
1902,294,Ronald,Ross,medicine,1,"""for his work on malaria by which he has shown how it enters the organism and thereby has laid the foundation for successful research on this disease and methods of combating it""",294,male,1857-05-13,India,Almora,IN,16/09/1932,United Kingdom,Putney Heath,GB,University College,Liverpool,United Kingdom
1902,2,Hendrik A.,Lorentz,physics,2,"""in recognition of the extraordinary service they rendered by their researches into the influence of magnetism upon radiation phenomena""",2,male,1853-07-18,the Netherlands,Arnhem,NL,04/02/1928,the Netherlands,,NL,Leiden University,Leiden,the Netherlands
1903,5,Pierre,Curie,physics,4,"""in recognition of the extraordinary services they have rendered by their joint researches on the radiation phenomena discovered by Professor Henri Becquerel""",5,male,1859-05-15,France,Paris,FR,19/04/1906,France,Paris,FR,École municipale de physique et de chimie industrielles (Municipal School of Industrial Physics and Chemistry),Paris,France
1903,466,Randal,Cremer,peace,1,"""for his longstanding and devoted effort in favour of the ideas of peace and arbitration""",466,male,1828-03-18,United Kingdom,Fareham,GB,22/07/1908,United Kingdom,London,GB,,,
1903,4,Henri,Becquerel,physics,2,"""in recognition of the extraordinary services he has rendered by his discovery of spontaneous radioactivity""",4,male,1852-12-15,France,Paris,FR,25/08/1908,France,,FR,École Polytechnique,Paris,France
1903,6,Marie,Curie,physics,4,"""in recognition of the extraordinary services they have rendered by their joint researches on the radiation phenomena discovered by Professor Henri Becquerel""",6,female,1867-11-07,Russian Empire (now Poland),Warsaw,PL,04/07/1934,France,Sallanches,FR,,,
1903,6,Marie,Curie,physics,4,"""in recognition of the extraordinary services they have rendered by their joint researches on the radiation phenomena discovered by Professor Henri Becquerel""",6,female,1867-11-07,Russian Empire (now Poland),Warsaw,PL,04/07/1934,France,Sallanches,FR,Sorbonne University,Paris,France
1903,295,Niels Ryberg,Finsen,medicine,1,"""in recognition of his contribution to the treatment of diseases especially lupus vulgaris with concentrated light radiation whereby he has opened a new avenue for medical science""",295,male,1860-12-15,Faroe Islands (Denmark),Thorshavn,DK,24/09/1904,Denmark,Copenhagen,DK,Finsen Medical Light Institute,Copenhagen,Denmark
1903,572,Bjørnstjerne,Bjørnson,literature,1,"""as a tribute to his noble magnificent and versatile poetry which has always been distinguished by both the freshness of its inspiration and the rare purity of its spirit""",572,male,1832-12-08,Norway,Kvikne,NO,26/04/1910,France,Paris,FR,,,
1903,162,Svante,Arrhenius,chemistry,1,"""in recognition of the extraordinary services he has rendered to the advancement of chemistry by his electrolytic theory of dissociation""",162,male,1859-02-19,Sweden,Vik,SE,02/10/1927,Sweden,Stockholm,SE,Stockholm University,Stockholm,Sweden
1904,574,José,Echegaray,literature,2,"""in recognition of the numerous and brilliant compositions which in an individual and original manner have revived the great traditions of the Spanish drama""",574,male,1832-04-19,Spain,Madrid,ES,04/09/1916,Spain,Madrid,ES,,,
1904,8,Lord,Rayleigh,physics,1,"""for his investigations of the densities of the most important gases and for his discovery of argon in connection with these studies""",8,male,1842-11-12,United Kingdom,Langford Grove Maldon Essex,GB,30/06/1919,United Kingdom,,GB,Royal Institution of Great Britain,London,United Kingdom
1904,467,Institute of International Law,,peace,1,"""for its striving in public law to develop peaceful ties between nations and to make the laws of war more humane""",467,org,1873-00-00,,,,0000-00-00,,,,,,
1904,163,Sir William,Ramsay,chemistry,1,"""in recognition of his services in the discovery of the inert gaseous elements in air and his determination of their place in the periodic system""",163,male,1852-10-02,Scotland,Glasgow,GB,23/07/1916,United Kingdom,High Wycombe,GB,University College,London,United Kingdom
1904,296,Ivan,Pavlov,medicine,1,"""in recognition of his work on the physiology of digestion through which knowledge on vital aspects of the subject has been transformed and enlarged""",296,male,1849-09-14,Russia,Ryazan,RU,27/02/1936,Russia,Leningrad,RU,Military Medical Academy,St. Petersburg,Russia
1904,573,Frédéric,Mistral,literature,2,"""in recognition of the fresh originality and true inspiration of his poetic production which faithfully reflects the natural scenery and native spirit of his people and in addition his significant work as a Proven&ccedil;al philologist""",573,male,1830-09-08,France,Maillane,FR,25/03/1914,France,Maillane,FR,,,
1905,164,Adolf,von Baeyer,chemistry,1,"""in recognition of his services in the advancement of organic chemistry and the chemical industry through his work on organic dyes and hydroaromatic compounds""",164,male,1835-10-31,Prussia (now Germany),Berlin,DE,20/08/1917,Germany,Starnberg,DE,Munich University,Munich,Germany
1905,575,Henryk,Sienkiewicz,literature,1,"""because of his outstanding merits as an epic writer""",575,male,1846-05-05,Poland,Wola Okrzejska,PL,15/11/1916,Switzerland,Vevey,CH,,,
1905,9,Philipp,Lenard,physics,1,"""for his work on cathode rays""",9,male,1862-06-07,Hungary (now Slovakia),Pressburg (now Bratislava),SK,20/05/1947,Germany,Messelhausen,DE,Kiel University,Kiel,Germany
1905,468,Bertha,von Suttner,peace,1,"""for her audacity to oppose the horrors of war""",468,female,1843-06-09,Austrian Empire (now Czech Republic),Prague,CZ,21/06/1914,Austria,Vienna,AT,,,
1905,297,Robert,Koch,medicine,1,"""for his investigations and discoveries in relation to tuberculosis""",297,male,1843-12-11,Germany,Clausthal (now Clausthal-Zellerfeld),DE,27/05/1910,Germany,Baden-Baden,DE,Institute for Infectious Diseases,Berlin,Germany
1906,576,Giosuè,Carducci,literature,1,"""not only in consideration of his deep learning and critical research but above all as a tribute to the creative energy freshness of style and lyrical force which characterize his poetic masterpieces""",576,male,1835-07-27,Tuscany (now Italy),Val di Castello,IT,16/02/1907,Italy,Bologna,IT,,,
1906,470,Theodore,Roosevelt,peace,1,"""for his role in bringing to an end the bloody war recently waged between two of the world's great powers Japan and Russia""",470,male,1858-10-27,USA,New York NY,US,06/01/1919,USA,Oyster Bay NY,US,,,
1906,10,J.J.,Thomson,physics,1,"""in recognition of the great merits of his theoretical and experimental investigations on the conduction of electricity by gases""",10,male,1856-12-18,United Kingdom,Cheetham Hill,GB,30/08/1940,United Kingdom,Cambridge,GB,University of Cambridge,Cambridge,United Kingdom
1906,299,Santiago,Ramón y Cajal,medicine,2,"""in recognition of their work on the structure of the nervous system""",299,male,1852-05-01,Spain,Petilla de Aragón,ES,17/10/1934,Spain,Madrid,ES,Madrid University,Madrid,Spain
1906,165,Henri,Moissan,chemistry,1,"""in recognition of the great services rendered by him in his investigation and isolation of the element fluorine and for the adoption in the service of science of the electric furnace called after him""",165,male,1852-09-28,France,Paris,FR,20/02/1907,France,Paris,FR,Sorbonne University,Paris,France
1906,298,Camillo,Golgi,medicine,2,"""in recognition of their work on the structure of the nervous system""",298,male,1843-07-07,Italy,Corteno,IT,21/01/1926,Italy,Pavia,IT,Pavia University,Pavia,Italy
1907,300,Alphonse,Laveran,medicine,1,"""in recognition of his work on the role played by protozoa in causing diseases""",300,male,1845-06-18,France,Paris,FR,18/05/1922,France,Paris,FR,Institut Pasteur,Paris,France
1907,166,Eduard,Buchner,chemistry,1,"""for his biochemical researches and his discovery of cell-free fermentation""",166,male,1860-05-20,Bavaria (now Germany),Munich,DE,13/08/1917,Romania,Focsani,RO,Landwirtschaftliche Hochschule (Agricultural College),Berlin,Germany
1907,577,Rudyard,Kipling,literature,1,"""in consideration of the power of observation originality of imagination virility of ideas and remarkable talent for narration which characterize the creations of this world-famous author""",577,male,1865-12-30,British India (now India),Bombay (now Mumbai),IN,18/01/1936,United Kingdom,London,GB,,,
1907,472,Louis,Renault,peace,2,"""for his decisive influence upon the conduct and outcome of the Hague and Geneva Conferences""",472,male,1843-05-21,France,Autun,FR,08/02/1918,France,Barbizon,FR,Sorbonne University,Paris,France
1907,471,Ernesto Teodoro,Moneta,peace,2,"""for his work in the press and in peace meetings both public and private for an understanding between France and Italy""",471,male,1833-09-20,Austrian Empire (now Italy),Milan,IT,10/02/1918,Italy,Milan,IT,,,
1907,11,Albert A.,Michelson,physics,1,"""for his optical precision instruments and the spectroscopic and metrological investigations carried out with their aid""",11,male,1852-12-19,Prussia (now Poland),Strelno (now Strzelno),PL,09/05/1931,USA,Pasadena CA,US,University of Chicago,Chicago IL,USA
1908,167,Ernest,Rutherford,chemistry,1,"""for his investigations into the disintegration of the elements and the chemistry of radioactive substances""",167,male,1871-08-30,New Zealand,Nelson,NZ,19/10/1937,United Kingdom,Cambridge,GB,Victoria University,Manchester,United Kingdom
1908,578,Rudolf,Eucken,literature,1,"""in recognition of his earnest search for truth his penetrating power of thought his wide range of vision and the warmth and strength in presentation with which in his numerous works he has vindicated and developed an idealistic philosophy of life""",578,male,1846-01-05,East Friesland (now Germany),Aurich,DE,14/09/1926,Germany,Jena,DE,,,
1908,474,Fredrik,Bajer,peace,2,"""for their long time work for the cause of peace as politicians peace society leaders orators and authors""",474,male,1837-04-21,Denmark,Næstved,DK,22/01/1922,Denmark,Copenhagen,DK,,,
1908,301,Ilya,Mechnikov,medicine,2,"""in recognition of their work on immunity""",301,male,1845-05-15,Russian Empire (now Ukraine),Kharkov (now Kharkiv),UA,15/07/1916,France,Paris,FR,Institut Pasteur,Paris,France
1908,302,Paul,Ehrlich,medicine,2,"""in recognition of their work on immunity""",302,male,1854-03-14,Prussia (now Poland),Strehlen (now Strzelin),PL,20/08/1915,Germany,Bad Homburg vor der Höhe,DE,Goettingen University,Göttingen,Germany
1908,473,Klas Pontus,Arnoldson,peace,2,"""for their long time work for the cause of peace as politicians peace society leaders orators and authors""",473,male,1844-10-27,Sweden,Gothenburg,SE,20/02/1916,Sweden,Stockholm,SE,,,
1908,12,Gabriel,Lippmann,physics,1,"""for his method of reproducing colours photographically based on the phenomenon of interference""",12,male,1845-08-16,Luxembourg,Hollerich,LU,13/07/1921,,,,Sorbonne University,Paris,France
1909,13,Guglielmo,Marconi,physics,2,"""in recognition of their contributions to the development of wireless telegraphy""",13,male,1874-04-25,Italy,Bologna,IT,20/07/1937,Italy,Rome,IT,Marconi Wireless Telegraph Co. Ltd.,London,United Kingdom
1909,303,Theodor,Kocher,medicine,1,"""for his work on the physiology pathology and surgery of the thyroid gland""",303,male,1841-08-25,Switzerland,Bern,CH,27/07/1917,Switzerland,Bern,CH,Berne University,Bern,Switzerland
1909,579,Selma,Lagerlöf,literature,1,"""in appreciation of the lofty idealism vivid imagination and spiritual perception that characterize her writings""",579,female,1858-11-20,Sweden,Mårbacka,SE,16/03/1940,Sweden,Mårbacka,SE,,,
1909,168,Wilhelm,Ostwald,chemistry,1,"""in recognition of his work on catalysis and for his investigations into the fundamental principles governing chemical equilibria and rates of reaction""",168,male,1853-09-02,Russian Empire (now Latvia),Riga,LV,04/04/1932,Germany,Leipzig,DE,Leipzig University,Leipzig,Germany
1909,14,Ferdinand,Braun,physics,2,"""in recognition of their contributions to the development of wireless telegraphy""",14,male,1850-06-06,Hesse-Kassel (now Germany),Fulda,DE,20/04/1918,USA,Brooklyn NY,US,Strasbourg University,Strasbourg,Germany (now France)
1909,475,Auguste,Beernaert,peace,2,"""for their prominent position in the international movement for peace and arbitration""",475,male,1829-07-26,Belgium,Ostend,BE,06/10/1912,Switzerland,Lucerne,CH,,,
1909,476,Paul Henri,d'Estournelles de Constant,peace,2,"""for their prominent position in the international movement for peace and arbitration""",476,male,1852-11-22,France,La Flèche,FR,15/05/1924,France,Paris,FR,,,
1910,580,Paul,Heyse,literature,1,"""as a tribute to the consummate artistry permeated with idealism which he has demonstrated during his long productive career as a lyric poet dramatist novelist and writer of world-renowned short stories""",580,male,1830-03-15,Prussia (now Germany),Berlin,DE,02/04/1914,Germany,Munich,DE,,,
1910,477,Permanent International Peace Bureau,,peace,1,"""for acting as a link between the peace societies of the various countries and helping them to organize the world rallies of the international peace movement""",477,org,1891-00-00,,,,0000-00-00,,,,,,
1910,15,Johannes Diderik,van der Waals,physics,1,"""for his work on the equation of state for gases and liquids""",15,male,1837-11-23,the Netherlands,Leiden,NL,08/03/1923,the Netherlands,Amsterdam,NL,Amsterdam University,Amsterdam,the Netherlands
1910,304,Albrecht,Kossel,medicine,1,"""in recognition of the contributions to our knowledge of cell chemistry made through his work on proteins including the nucleic substances""",304,male,1853-09-16,Mecklenburg (now Germany),Rostock,DE,05/07/1927,Germany,Heidelberg,DE,University of Heidelberg,Heidelberg,Germany
1910,169,Otto,Wallach,chemistry,1,"""in recognition of his services to organic chemistry and the chemical industry by his pioneer work in the field of alicyclic compounds""",169,male,1847-03-27,Germany (now Russia),Koenigsberg (now Kaliningrad),RU,26/02/1931,Germany,Göttingen,DE,Goettingen University,Göttingen,Germany
1911,479,Alfred,Fried,peace,2,"""for his effort to expose and fight what he considers to be the main cause of war namely the anarchy in international relations""",479,male,1864-11-11,Austria,Vienna,AT,04/05/1921,Austria,Vienna,AT,,,
1911,478,Tobias,Asser,peace,2,"""for his role as co-founder of the Institut de droit international initiator of the Conferences on International Private Law (Conférences de Droit international privé) at the Hague and pioneer in the field of international legal relations""",478,male,1838-04-28,the Netherlands,Amsterdam,NL,29/07/1913,the Netherlands,the Hague,NL,,,
1911,6,Marie,Curie,chemistry,1,"""in recognition of her services to the advancement of chemistry by the discovery of the elements radium and polonium by the isolation of radium and the study of the nature and compounds of this remarkable element""",6,female,1867-11-07,Russian Empire (now Poland),Warsaw,PL,04/07/1934,France,Sallanches,FR,,,
1911,6,Marie,Curie,chemistry,1,"""in recognition of her services to the advancement of chemistry by the discovery of the elements radium and polonium by the isolation of radium and the study of the nature and compounds of this remarkable element""",6,female,1867-11-07,Russian Empire (now Poland),Warsaw,PL,04/07/1934,France,Sallanches,FR,Sorbonne University,Paris,France
1911,16,Wilhelm,Wien,physics,1,"""for his discoveries regarding the laws governing the radiation of heat""",16,male,1864-01-13,Prussia (now Russia),Gaffken (now Parusnoye),RU,30/08/1928,Germany,Munich,DE,Würzburg University,Würzburg,Germany
1911,581,Maurice,Maeterlinck,literature,1,"""in appreciation of his many-sided literary activities and especially of his dramatic works which are distinguished by a wealth of imagination and by a poetic fancy which reveals sometimes in the guise of a fairy tale a deep inspiration while in a mysterious way they appeal to the readers' own feelings and stimulate their imaginations""",581,male,1862-08-29,Belgium,Ghent,BE,06/05/1949,France,Nice,FR,,,
1911,305,Allvar,Gullstrand,medicine,1,"""for his work on the dioptrics of the eye""",305,male,1862-06-05,Sweden,Landskrona,SE,28/07/1930,Sweden,Stockholm,SE,Uppsala University,Uppsala,Sweden
1912,582,Gerhart,Hauptmann,literature,1,"""primarily in recognition of his fruitful varied and outstanding production in the realm of dramatic art""",582,male,1862-11-15,Prussia (now Poland),Bad Salzbrunn,PL,06/06/1946,Germany (now Poland),Agnetendorf (now Jagniatków),PL,,,
1912,306,Alexis,Carrel,medicine,1,"""in recognition of his work on vascular suture and the transplantation of blood vessels and organs""",306,male,1873-06-28,France,Sainte-Foy-lès-Lyon,FR,05/11/1944,France,Paris,FR,Rockefeller Institute for Medical Research,New York NY,USA
1912,173,Paul,Sabatier,chemistry,2,"""for his method of hydrogenating organic compounds in the presence of finely disintegrated metals whereby the progress of organic chemistry has been greatly advanced in recent years""",173,male,1854-11-05,France,Carcassonne,FR,14/08/1941,France,Toulouse,FR,Toulouse University,Toulouse,France
1912,172,Victor,Grignard,chemistry,2,"""for the discovery of the so-called Grignard reagent which in recent years has greatly advanced the progress of organic chemistry""",172,male,1871-05-06,France,Cherbourg,FR,13/12/1935,France,Lyon,FR,Nancy University,Nancy,France
1912,17,Gustaf,Dalén,physics,1,"""for his invention of automatic regulators for use in conjunction with gas accumulators for illuminating lighthouses and buoys""",17,male,1869-11-30,Sweden,Stenstorp,SE,09/12/1937,Sweden,Stockholm,SE,Swedish Gas-Accumulator Co.,Lidingö Stockholm,Sweden
1912,480,Elihu,Root,peace,1,"""for bringing about better understanding between the countries of North and South America and initiating important arbitration agreements between the United States and other countries""",480,male,1845-02-15,USA,Clinton NY,US,07/02/1937,USA,New York NY,US,,,
1913,307,Charles,Richet,medicine,1,"""in recognition of his work on anaphylaxis""",307,male,1850-08-26,France,Paris,FR,04/12/1935,France,Paris,FR,Sorbonne University,Paris,France
1913,174,Alfred,Werner,chemistry,1,"""in recognition of his work on the linkage of atoms in molecules by which he has thrown new light on earlier investigations and opened up new fields of research especially in inorganic chemistry""",174,male,1866-12-12,France,Mulhouse,FR,15/11/1919,Switzerland,Zurich,CH,University of Zurich,Zurich,Switzerland
1913,481,Henri,La Fontaine,peace,1,"""for his unparalleled contribution to the organization of peaceful internationalism""",481,male,1854-04-22,Belgium,Brussels,BE,14/05/1943,Belgium,Brussels,BE,,,
1913,583,Rabindranath,Tagore,literature,1,"""because of his profoundly sensitive fresh and beautiful verse by which with consummate skill he has made his poetic thought expressed in his own English words a part of the literature of the West""",583,male,1861-05-07,India,Calcutta,IN,07/08/1941,India,Calcutta,IN,,,
1913,18,Heike,Kamerlingh Onnes,physics,1,"""for his investigations on the properties of matter at low temperatures which led inter alia to the production of liquid helium""",18,male,1853-09-21,the Netherlands,Groningen,NL,21/02/1926,the Netherlands,Leiden,NL,Leiden University,Leiden,the Netherlands
1914,19,Max,von Laue,physics,1,"""for his discovery of the diffraction of X-rays by crystals""",19,male,1879-10-09,Germany,Pfaffendorf,DE,23/04/1960,West Germany (now Germany),Berlin,DE,Frankfurt-on-the-Main University,Frankfurt-on-the-Main,Germany
1914,308,Robert,Bárány,medicine,1,"""for his work on the physiology and pathology of the vestibular apparatus""",308,male,1876-04-22,Austria,Vienna,AT,08/04/1936,Sweden,Uppsala,SE,Vienna University,Vienna,Austria
1914,175,Theodore W.,Richards,chemistry,1,"""in recognition of his accurate determinations of the atomic weight of a large number of chemical elements""",175,male,1868-01-31,USA,Germantown PA,US,02/04/1928,USA,Cambridge MA,US,Harvard University,Cambridge MA,USA
1915,20,William,Bragg,physics,2,"""for their services in the analysis of crystal structure by means of X-rays""",20,male,1862-07-02,United Kingdom,Wigton,GB,12/03/1942,United Kingdom,London,GB,University College,London,United Kingdom
1915,21,Lawrence,Bragg,physics,2,"""for their services in the analysis of crystal structure by means of X-rays""",21,male,1890-03-31,Australia,Adelaide,AU,01/07/1971,United Kingdom,Ipswich,GB,Victoria University,Manchester,United Kingdom
1915,176,Richard,Willstätter,chemistry,1,"""for his researches on plant pigments especially chlorophyll""",176,male,1872-08-13,Germany,Karlsruhe,DE,03/08/1942,Switzerland,Locarno,CH,Kaiser-Wilhelm-Institut (now Max-Planck Institut) für Chemie,Berlin-Dahlem,Germany
1915,584,Romain,Rolland,literature,1,"""as a tribute to the lofty idealism of his literary production and to the sympathy and love of truth with which he has described different types of human beings""",584,male,1866-01-29,France,Clamecy,FR,30/12/1944,France,Vézelay,FR,,,
1916,585,Verner,von Heidenstam,literature,1,"""in recognition of his significance as the leading representative of a new era in our literature""",585,male,1859-07-06,Sweden,Olshammar,SE,20/05/1940,Sweden,Övralid,SE,,,
1917,482,International Committee of the Red Cross,,peace,1,"""for the efforts to take care of wounded soldiers and prisoners of war and their families""",482,org,1863-00-00,,,,0000-00-00,,,,,,
1917,482,International Committee of the Red Cross,,peace,1,"""for the efforts to take care of wounded soldiers and prisoners of war and their families""",482,org,1863-00-00,,,,0000-00-00,,,,,,
1917,482,International Committee of the Red Cross,,peace,1,"""for the efforts to take care of wounded soldiers and prisoners of war and their families""",482,org,1863-00-00,,,,0000-00-00,,,,,,
1917,22,Charles Glover,Barkla,physics,1,"""for his discovery of the characteristic R&ouml;ntgen radiation of the elements""",22,male,1877-06-07,United Kingdom,Widnes,GB,23/10/1944,Scotland,Edinburgh,GB,Edinburgh University,Edinburgh,United Kingdom
1917,586,Karl,Gjellerup,literature,2,"""for his varied and rich poetry which is inspired by lofty ideals""",586,male,1857-06-02,Denmark,Roholte,DK,11/10/1919,Germany,Klotzsche,DE,,,
1917,587,Henrik,Pontoppidan,literature,2,"""for his authentic descriptions of present-day life in Denmark""",587,male,1857-07-24,Denmark,Fredericia,DK,21/08/1943,Denmark,Ordrup,DK,,,
1918,23,Max,Planck,physics,1,"""in recognition of the services he rendered to the advancement of Physics by his discovery of energy quanta""",23,male,1858-04-23,Schleswig (now Germany),Kiel,DE,04/10/1947,West Germany (now Germany),Göttingen,DE,Berlin University,Berlin,Germany
1918,177,Fritz,Haber,chemistry,1,"""for the synthesis of ammonia from its elements""",177,male,1868-12-09,Prussia (now Poland),Breslau (now Wroclaw),PL,29/01/1934,Switzerland,Basel,CH,Kaiser-Wilhelm-Institut (now Fritz-Haber-Institut) für physikalische Chemie und Electrochemie,Berlin-Dahlem,Germany
1919,483,Woodrow,Wilson,peace,1,"""for his role as founder of the League of Nations""",483,male,1856-12-28,USA,Staunton VA,US,03/02/1924,USA,Washington D.C.,US,,,
1919,309,Jules,Bordet,medicine,1,"""for his discoveries relating to immunity""",309,male,1870-06-13,Belgium,Soignies,BE,06/04/1961,Belgium,Brussels,BE,Brussels University,Brussels,Belgium
1919,24,Johannes,Stark,physics,1,"""for his discovery of the Doppler effect in canal rays and the splitting of spectral lines in electric fields""",24,male,1874-04-15,Germany,Schickenhof,DE,21/06/1957,West Germany (now Germany),Traunstein,DE,Greifswald University,Greifswald,Germany
1919,588,Carl,Spitteler,literature,1,"""in special appreciation of his epic <I>Olympian Spring</I>""",588,male,1845-04-24,Switzerland,Liestal,CH,29/12/1924,Switzerland,Lucerne,CH,,,
1920,25,Charles Edouard,Guillaume,physics,1,"""in recognition of the service he has rendered to precision measurements in Physics by his discovery of anomalies in nickel steel alloys""",25,male,1861-02-15,Switzerland,Fleurier,CH,13/06/1938,France,Sèvres,FR,Bureau International des Poids et Mesures (International Bureau of Weights and Measures),Sèvres,France
1920,178,Walther,Nernst,chemistry,1,"""in recognition of his work in thermochemistry""",178,male,1864-06-25,Prussia (now Poland),Briesen (now Wąbrzeźno),PL,18/11/1941,Germany,Muskau,DE,Berlin University,Berlin,Germany
1920,310,August,Krogh,medicine,1,"""for his discovery of the capillary motor regulating mechanism""",310,male,1874-11-15,Denmark,Grenå,DK,13/09/1949,Denmark,Copenhagen,DK,Copenhagen University,Copenhagen,Denmark
1920,484,Léon,Bourgeois,peace,1,"""for his longstanding contribution to the cause of peace and justice and his prominent role in the establishment of the League of Nations""",484,male,1851-05-21,France,Paris,FR,29/09/1925,France,Épernay,FR,,,
1920,589,Knut,Hamsun,literature,1,"""for his monumental work <I>Growth of the Soil</I>""",589,male,1859-08-04,Norway,Lom,NO,19/02/1952,Norway,Grimstad,NO,,,
1921,590,Anatole,France,literature,1,"""in recognition of his brilliant literary achievements characterized as they are by a nobility of style a profound human sympathy grace and a true Gallic temperament""",590,male,1844-04-16,France,Paris,FR,12/10/1924,France,Saint-Cyr-sur-Loire,FR,,,
1921,485,Hjalmar,Branting,peace,2,"""for their lifelong contributions to the cause of peace and organized internationalism""",485,male,1860-11-23,Sweden,Stockholm,SE,24/02/1925,Sweden,Stockholm,SE,,,
1921,26,Albert,Einstein,physics,1,"""for his services to Theoretical Physics and especially for his discovery of the law of the photoelectric effect""",26,male,1879-03-14,Germany,Ulm,DE,18/04/1955,USA,Princeton NJ,US,Kaiser-Wilhelm-Institut (now Max-Planck-Institut) für Physik,Berlin,Germany
1921,179,Frederick,Soddy,chemistry,1,"""for his contributions to our knowledge of the chemistry of radioactive substances and his investigations into the origin and nature of isotopes""",179,male,1877-09-02,United Kingdom,Eastbourne,GB,22/09/1956,United Kingdom,Brighton,GB,University of Oxford,Oxford,United Kingdom
1921,486,Christian,Lange,peace,2,"""for their lifelong contributions to the cause of peace and organized internationalism""",486,male,1869-09-17,Norway,Stavanger,NO,11/12/1938,Norway,Oslo,NO,,,
1922,27,Niels,Bohr,physics,1,"""for his services in the investigation of the structure of atoms and of the radiation emanating from them""",27,male,1885-10-07,Denmark,Copenhagen,DK,18/11/1962,Denmark,Copenhagen,DK,Copenhagen University,Copenhagen,Denmark
1922,487,Fridtjof,Nansen,peace,1,"""for his leading role in the repatriation of prisoners of war in international relief work and as the League of Nations' High Commissioner for refugees""",487,male,1861-10-10,Norway,Kristiania (now Oslo),NO,13/05/1930,Norway,Oslo,NO,,,
1922,180,Francis W.,Aston,chemistry,1,"""for his discovery by means of his mass spectrograph of isotopes in a large number of non-radioactive elements and for his enunciation of the whole-number rule""",180,male,1877-09-01,United Kingdom,Harborne,GB,20/11/1945,United Kingdom,Cambridge,GB,University of Cambridge,Cambridge,United Kingdom
1922,312,Otto,Meyerhof,medicine,2,"""for his discovery of the fixed relationship between the consumption of oxygen and the metabolism of lactic acid in the muscle""",312,male,1884-04-12,Germany,Hanover,DE,06/10/1951,USA,Philadelphia PA,US,Kiel University,Kiel,Germany
1922,592,Jacinto,Benavente,literature,1,"""for the happy manner in which he has continued the illustrious traditions of the Spanish drama""",592,male,1866-08-12,Spain,Madrid,ES,14/07/1954,Spain,Madrid,ES,,,
1922,311,Archibald V.,Hill,medicine,2,"""for his discovery relating to the production of heat in the muscle""",311,male,1886-09-26,United Kingdom,Bristol,GB,03/06/1977,United Kingdom,Cambridge,GB,London University,London,United Kingdom
1923,313,Frederick G.,Banting,medicine,2,"""for the discovery of insulin""",313,male,1891-11-14,Canada,Alliston,CA,21/02/1941,Canada,Newfoundland,CA,University of Toronto,Toronto,Canada
1923,314,John,Macleod,medicine,2,"""for the discovery of insulin""",314,male,1876-09-06,Scotland,Cluny,GB,16/03/1935,Scotland,Aberdeen,GB,University of Toronto,Toronto,Canada
1923,28,Robert A.,Millikan,physics,1,"""for his work on the elementary charge of electricity and on the photoelectric effect""",28,male,1868-03-22,USA,Morrison IL,US,19/12/1953,USA,San Marino CA,US,California Institute of Technology (Caltech),Pasadena CA,USA
1923,181,Fritz,Pregl,chemistry,1,"""for his invention of the method of micro-analysis of organic substances""",181,male,1869-09-03,Austria-Hungary (now Slovenia),Laibach (now Ljubljana),SI,13/12/1930,Austria,Graz,AT,Graz University,Graz,Austria
1923,593,William Butler,Yeats,literature,1,"""for his always inspired poetry which in a highly artistic form gives expression to the spirit of a whole nation""",593,male,1865-06-13,Ireland,Dublin,IE,28/01/1939,France,Roquebrune-Cap-Martin,FR,,,
1924,594,Wladyslaw,Reymont,literature,1,"""for his great national epic <I>The Peasants</I>""",594,male,1867-05-07,Russian Empire (now Poland),Kobiele Wielkie,PL,05/12/1925,Poland,Warsaw,PL,,,
1924,315,Willem,Einthoven,medicine,1,"""for his discovery of the mechanism of the electrocardiogram""",315,male,1860-05-21,Java Dutch East Indies (now Indonesia),Semarang,ID,29/09/1927,the Netherlands,Leiden,NL,Leiden University,Leiden,the Netherlands
1924,29,Manne,Siegbahn,physics,1,"""for his discoveries and research in the field of X-ray spectroscopy""",29,male,1886-12-03,Sweden,Örebro,SE,26/09/1978,Sweden,Stockholm,SE,Uppsala University,Uppsala,Sweden
1925,30,James,Franck,physics,2,"""for their discovery of the laws governing the impact of an electron upon an atom""",30,male,1882-08-26,Germany,Hamburg,DE,21/05/1964,West Germany (now Germany),Göttingen,DE,Goettingen University,Göttingen,Germany
1925,31,Gustav,Hertz,physics,2,"""for their discovery of the laws governing the impact of an electron upon an atom""",31,male,1887-07-22,Germany,Hamburg,DE,30/10/1975,East Germany (now Germany),Berlin,DE,Halle University,Halle,Germany
1925,488,Sir Austen,Chamberlain,peace,2,"""for his crucial role in bringing about the Locarno Treaty""",488,male,1863-10-16,United Kingdom,Birmingham,GB,16/03/1937,United Kingdom,London,GB,,,
1925,489,Charles G.,Dawes,peace,2,"""for his crucial role in bringing about the Dawes Plan""",489,male,1865-08-27,USA,Marietta OH,US,23/04/1951,USA,Evanston IL,US,,,
1925,182,Richard,Zsigmondy,chemistry,1,"""for his demonstration of the heterogenous nature of colloid solutions and for the methods he used which have since become fundamental in modern colloid chemistry""",182,male,1865-04-01,Austrian Empire (now Austria),Vienna,AT,24/09/1929,Germany,Göttingen,DE,Goettingen University,Göttingen,Germany
1925,596,George Bernard,Shaw,literature,1,"""for his work which is marked by both idealism and humanity its stimulating satire often being infused with a singular poetic beauty""",596,male,1856-07-26,Ireland,Dublin,IE,02/11/1950,United Kingdom,Ayot St. Lawrence,GB,,,
1926,491,Gustav,Stresemann,peace,2,"""for their crucial role in bringing about the Locarno Treaty""",491,male,1878-05-10,Germany,Berlin,DE,03/10/1929,Germany,Berlin,DE,,,
1926,490,Aristide,Briand,peace,2,"""for their crucial role in bringing about the Locarno Treaty""",490,male,1862-03-28,France,Nantes,FR,07/03/1932,France,Paris,FR,,,
1926,597,Grazia,Deledda,literature,1,"""for her idealistically inspired writings which with plastic clarity picture the life on her native island and with depth and sympathy deal with human problems in general""",597,female,1871-09-27,Italy,Nuoro Sardinia,IT,15/08/1936,Italy,Rome,IT,,,
1926,316,Johannes,Fibiger,medicine,1,"""for his discovery of the Spiroptera carcinoma""",316,male,1867-04-23,Denmark,Silkeborg,DK,30/01/1928,Denmark,Copenhagen,DK,Copenhagen University,Copenhagen,Denmark
1926,32,Jean Baptiste,Perrin,physics,1,"""for his work on the discontinuous structure of matter and especially for his discovery of sedimentation equilibrium""",32,male,1870-09-30,France,Lille,FR,17/04/1942,USA,New York NY,US,Sorbonne University,Paris,France
1926,183,The,Svedberg,chemistry,1,"""for his work on disperse systems""",183,male,1884-08-30,Sweden,Fleräng,SE,25/02/1971,Sweden,Örebro,SE,Uppsala University,Uppsala,Sweden
1927,600,Henri,Bergson,literature,1,"""in recognition of his rich and vitalizing ideas and the brilliant skill with which they have been presented""",600,male,1859-10-18,France,Paris,FR,04/01/1941,France,Paris,FR,,,
1927,493,Ludwig,Quidde,peace,2,"""for their contribution to the emergence in France and Germany of a public opinion which favours peaceful international cooperation""",493,male,1858-03-23,Germany,Bremen,DE,04/03/1941,Switzerland,Geneva,CH,,,
1927,33,Arthur H.,Compton,physics,2,"""for his discovery of the effect named after him""",33,male,1892-09-10,USA,Wooster OH,US,15/03/1962,USA,Berkeley CA,US,University of Chicago,Chicago IL,USA
1927,34,C.T.R.,Wilson,physics,2,"""for his method of making the paths of electrically charged particles visible by condensation of vapour""",34,male,1869-02-14,Scotland,Glencorse,GB,15/11/1959,Scotland,Carlops,GB,University of Cambridge,Cambridge,United Kingdom
1927,317,Julius,Wagner-Jauregg,medicine,1,"""for his discovery of the therapeutic value of malaria inoculation in the treatment of dementia paralytica""",317,male,1857-03-07,Austria,Wels,AT,27/09/1940,Austria,Vienna,AT,Vienna University,Vienna,Austria
1927,184,Heinrich,Wieland,chemistry,1,"""for his investigations of the constitution of the bile acids and related substances""",184,male,1877-06-04,Germany,Pforzheim,DE,05/08/1957,West Germany (now Germany),Munich,DE,Munich University,Munich,Germany
1927,492,Ferdinand,Buisson,peace,2,"""for their contribution to the emergence in France and Germany of a public opinion which favours peaceful international cooperation""",492,male,1841-12-20,France,Paris,FR,16/02/1932,France,Thieuloy-Saint-Antoine,FR,,,
1928,318,Charles,Nicolle,medicine,1,"""for his work on typhus""",318,male,1866-09-21,France,Rouen,FR,28/02/1936,Tunisia,Tunis,TN,Institut Pasteur,Tunis,Tunisia
1928,185,Adolf,Windaus,chemistry,1,"""for the services rendered through his research into the constitution of the sterols and their connection with the vitamins""",185,male,1876-12-25,Germany,Berlin,DE,09/06/1959,West Germany (now Germany),Göttingen,DE,Goettingen University,Göttingen,Germany
1928,35,Owen Willans,Richardson,physics,1,"""for his work on the thermionic phenomenon and especially for the discovery of the law named after him""",35,male,1879-04-26,United Kingdom,Dewsbury,GB,15/02/1959,United Kingdom,Alton,GB,London University,London,United Kingdom
1928,601,Sigrid,Undset,literature,1,"""principally for her powerful descriptions of Northern life during the Middle Ages""",601,female,1882-05-20,Denmark,Kalundborg,DK,10/06/1949,Norway,Lillehammer,NO,,,
1929,186,Arthur,Harden,chemistry,2,"""for their investigations on the fermentation of sugar and fermentative enzymes""",186,male,1865-10-12,United Kingdom,Manchester,GB,17/06/1940,United Kingdom,Bourne,GB,London University,London,United Kingdom
1929,187,Hans,von Euler-Chelpin,chemistry,2,"""for their investigations on the fermentation of sugar and fermentative enzymes""",187,male,1873-02-15,Germany,Augsburg,DE,06/11/1964,Sweden,Stockholm,SE,Stockholm University,Stockholm,Sweden
1929,319,Christiaan,Eijkman,medicine,2,"""for his discovery of the antineuritic vitamin""",319,male,1858-08-11,the Netherlands,Nijkerk,NL,05/11/1930,the Netherlands,Utrecht,NL,Utrecht University,Utrecht,the Netherlands
1929,36,Louis,de Broglie,physics,1,"""for his discovery of the wave nature of electrons""",36,male,1892-08-15,France,Dieppe,FR,19/03/1987,France,Paris,FR,Sorbonne University Institut Henri Poincaré,Paris,France
1929,602,Thomas,Mann,literature,1,"""principally for his great novel <I>Buddenbrooks</I> which has won steadily increased recognition as one of the classic works of contemporary literature""",602,male,1875-06-06,Germany,Lübeck,DE,12/08/1955,Switzerland,Zurich,CH,,,
1929,320,Sir Frederick,Hopkins,medicine,2,"""for his discovery of the growth-stimulating vitamins""",320,male,1861-06-20,United Kingdom,Eastbourne,GB,16/05/1947,United Kingdom,Cambridge,GB,University of Cambridge,Cambridge,United Kingdom
1929,494,Frank B.,Kellogg,peace,1,"""for his crucial role in bringing about the Briand-Kellogg Pact""",494,male,1856-12-22,USA,Potsdam NY,US,21/12/1937,USA,St. Paul MN,US,,,
1930,603,Sinclair,Lewis,literature,1,"""for his vigorous and graphic art of description and his ability to create with wit and humour new types of characters""",603,male,1885-02-07,USA,Sauk Centre MN,US,10/01/1951,Italy,Rome,IT,,,
1930,321,Karl,Landsteiner,medicine,1,"""for his discovery of human blood groups""",321,male,1868-06-14,Austrian Empire (now Austria),Vienna,AT,26/06/1943,USA,New York NY,US,Rockefeller Institute for Medical Research,New York NY,USA
1930,188,Hans,Fischer,chemistry,1,"""for his researches into the constitution of haemin and chlorophyll and especially for his synthesis of haemin""",188,male,1881-07-27,Germany,Hoechst,DE,31/03/1945,Germany,Munich,DE,Technische Hochschule (Institute of Technology),Munich,Germany
1930,495,Nathan,Söderblom,peace,1,"""for promoting Christian unity and helping create 'that new attitude of mind which is necessary if peace between nations is to become reality'""",495,male,1866-01-15,Sweden,Trönö,SE,12/07/1931,Sweden,Uppsala,SE,,,
1930,37,Sir Chandrasekhara Venkata,Raman,physics,1,"""for his work on the scattering of light and for the discovery of the effect named after him""",37,male,1888-11-07,India,Tiruchirappalli,IN,21/11/1970,India,Bangalore,IN,Calcutta University,Calcutta,India
1931,322,Otto,Warburg,medicine,1,"""for his discovery of the nature and mode of action of the respiratory enzyme""",322,male,1883-10-08,Germany,Freiburg im Breisgau,DE,01/08/1970,West Germany (now Germany),West Berlin,DE,Kaiser-Wilhelm-Institut (now Max-Planck-Institut) für Biologie,Berlin-Dahlem,Germany
1931,189,Carl,Bosch,chemistry,2,"""in recognition of their contributions to the invention and development of chemical high pressure methods""",189,male,1874-08-27,Germany,Cologne,DE,26/04/1940,Germany,Heidelberg,DE,University of Heidelberg,Heidelberg,Germany
1931,190,Friedrich,Bergius,chemistry,2,"""in recognition of their contributions to the invention and development of chemical high pressure methods""",190,male,1884-10-11,Germany (now Poland),Goldschmieden near Breslau,PL,30/03/1949,Argentina,Buenos Aires,AR,University of Heidelberg,Heidelberg,Germany
1931,604,Erik Axel,Karlfeldt,literature,1,"""The poetry of Erik Axel Karlfeldt""",604,male,1864-07-20,Sweden,Karlbo,SE,08/04/1931,Sweden,Stockholm,SE,,,
1931,496,Jane,Addams,peace,2,"""for their assiduous effort to revive the ideal of peace and to rekindle the spirit of peace in their own nation and in the whole of mankind""",496,female,1860-09-06,USA,Cedarville IL,US,21/05/1935,USA,Chicago IL,US,,,
1931,497,Nicholas Murray,Butler,peace,2,"""for their assiduous effort to revive the ideal of peace and to rekindle the spirit of peace in their own nation and in the whole of mankind""",497,male,1862-04-02,USA,Elizabeth NJ,US,07/12/1947,USA,New York NY,US,Columbia University,New York NY,USA
1932,324,Edgar,Adrian,medicine,2,"""for their discoveries regarding the functions of neurons""",324,male,1889-11-30,United Kingdom,London,GB,08/08/1977,United Kingdom,Cambridge,GB,University of Cambridge,Cambridge,United Kingdom
1932,323,Sir Charles,Sherrington,medicine,2,"""for their discoveries regarding the functions of neurons""",323,male,1857-11-27,United Kingdom,London,GB,04/03/1952,United Kingdom,Eastbourne,GB,University of Oxford,Oxford,United Kingdom
1932,38,Werner,Heisenberg,physics,1,"""for the creation of quantum mechanics the application of which has inter alia led to the discovery of the allotropic forms of hydrogen""",38,male,05/12/1901,Germany,Würzburg,DE,01/02/1976,West Germany (now Germany),Munich,DE,Leipzig University,Leipzig,Germany
1932,605,John,Galsworthy,literature,1,"""for his distinguished art of narration which takes its highest form in <I>The Forsyte Saga</I>""",605,male,1867-08-14,United Kingdom,Kingston Hill,GB,31/01/1933,United Kingdom,London,GB,,,
1932,191,Irving,Langmuir,chemistry,1,"""for his discoveries and investigations in surface chemistry""",191,male,1881-01-31,USA,Brooklyn NY,US,16/08/1957,USA,Falmouth MA,US,General Electric Company,Schenectady NY,USA
1933,40,Paul A.M.,Dirac,physics,2,"""for the discovery of new productive forms of atomic theory""",40,male,08/08/1902,United Kingdom,Bristol,GB,20/10/1984,USA,Tallahassee FL,US,University of Cambridge,Cambridge,United Kingdom
1933,39,Erwin,Schrödinger,physics,2,"""for the discovery of new productive forms of atomic theory""",39,male,1887-08-12,Austria,Vienna,AT,04/01/1961,Austria,Vienna,AT,Berlin University,Berlin,Germany
1933,498,Sir Norman,Angell,peace,1,"""for having exposed by his pen the illusion of war and presented a convincing plea for international cooperation and peace""",498,male,1872-12-26,United Kingdom,Holbeach,GB,07/10/1967,United Kingdom,Croydon,GB,,,
1933,325,Thomas H.,Morgan,medicine,1,"""for his discoveries concerning the role played by the chromosome in heredity""",325,male,1866-09-25,USA,Lexington KY,US,04/12/1945,USA,Pasadena CA,US,California Institute of Technology (Caltech),Pasadena CA,USA
1933,606,Ivan,Bunin,literature,1,"""for the strict artistry with which he has carried on the classical Russian traditions in prose writing""",606,male,1870-10-22,Russia,Voronezh,RU,08/11/1953,France,Paris,FR,,,
1934,326,George H.,Whipple,medicine,3,"""for their discoveries concerning liver therapy in cases of anaemia""",326,male,1878-08-28,USA,Ashland NH,US,01/02/1976,USA,Rochester NY,US,University of Rochester,Rochester NY,USA
1934,192,Harold C.,Urey,chemistry,1,"""for his discovery of heavy hydrogen""",192,male,1893-04-29,USA,Walkerton IN,US,05/01/1981,USA,La Jolla CA,US,Columbia University,New York NY,USA
1934,607,Luigi,Pirandello,literature,1,"""for his bold and ingenious revival of dramatic and scenic art""",607,male,1867-06-28,Italy,Agrigento Sicily,IT,10/12/1936,Italy,Rome,IT,,,
1934,327,George R.,Minot,medicine,3,"""for their discoveries concerning liver therapy in cases of anaemia""",327,male,1885-12-02,USA,Boston MA,US,25/02/1950,USA,Brookline MA,US,Harvard University,Cambridge MA,USA
1934,328,William P.,Murphy,medicine,3,"""for their discoveries concerning liver therapy in cases of anaemia""",328,male,1892-02-06,USA,Stoughton WI,US,09/10/1987,USA,Brookline MA,US,Harvard University,Cambridge MA,USA
1934,499,Arthur,Henderson,peace,1,"""for his untiring struggle and his courageous efforts as Chairman of the League of Nations Disarmament Conference 1931-34""",499,male,1863-09-13,Scotland,Glasgow,GB,20/10/1935,United Kingdom,London,GB,,,
1935,193,Frédéric,Joliot,chemistry,2,"""in recognition of their synthesis of new radioactive elements""",193,male,19/03/1900,France,Paris,FR,14/08/1958,France,Paris,FR,Institut du Radium,Paris,France
1935,194,Irène,Joliot-Curie,chemistry,2,"""in recognition of their synthesis of new radioactive elements""",194,female,1897-09-12,France,Paris,FR,17/03/1956,France,Paris,FR,Institut du Radium,Paris,France
1935,41,James,Chadwick,physics,1,"""for the discovery of the neutron""",41,male,1891-10-20,United Kingdom,Manchester,GB,24/07/1974,United Kingdom,Cambridge,GB,Liverpool University,Liverpool,United Kingdom
1935,329,Hans,Spemann,medicine,1,"""for his discovery of the organizer effect in embryonic development""",329,male,1869-06-27,Württemberg (now Germany),Stuttgart,DE,12/09/1941,Germany,Freiburg im Breisgau,DE,University of Freiburg im Breisgau,Breisgau,Germany
1935,500,Carl,von Ossietzky,peace,1,"""for his burning love for freedom of thought and expression and his valuable contribution to the cause of peace""",500,male,1889-10-03,Germany,Hamburg,DE,04/05/1938,Germany,Berlin,DE,,,
1936,195,Peter,Debye,chemistry,1,"""for his contributions to our knowledge of molecular structure through his investigations on dipole moments and on the diffraction of X-rays and electrons in gases""",195,male,1884-03-24,the Netherlands,Maastricht,NL,02/11/1966,USA,Ithaca NY,US,Berlin University,Berlin,Germany
1936,331,Otto,Loewi,medicine,2,"""for their discoveries relating to chemical transmission of nerve impulses""",331,male,1873-06-03,Germany,Frankfurt-on-the-Main,DE,25/12/1961,USA,New York NY,US,Graz University,Graz,Austria
1936,42,Victor F.,Hess,physics,2,"""for his discovery of cosmic radiation""",42,male,1883-06-24,Austria,Peggau,AT,17/12/1964,USA,Mount Vernon NY,US,Innsbruck University,Innsbruck,Austria
1936,330,Sir Henry,Dale,medicine,2,"""for their discoveries relating to chemical transmission of nerve impulses""",330,male,1875-06-09,United Kingdom,London,GB,23/07/1968,United Kingdom,Cambridge,GB,National Institute for Medical Research,London,United Kingdom
1936,43,Carl D.,Anderson,physics,2,"""for his discovery of the positron""",43,male,03/09/1905,USA,New York NY,US,11/01/1991,USA,San Marino CA,US,California Institute of Technology (Caltech),Pasadena CA,USA
1936,501,Carlos,Saavedra Lamas,peace,1,"""for his role as father of the Argentine Antiwar Pact of 1933 which he also used as a means to mediate peace between Paraguay and Bolivia in 1935""",501,male,1878-11-01,Argentina,Buenos Aires,AR,05/05/1959,Argentina,Buenos Aires,AR,,,
1936,608,Eugene,O'Neill,literature,1,"""for the power honesty and deep-felt emotions of his dramatic works which embody an original concept of tragedy""",608,male,1888-10-16,USA,New York NY,US,27/11/1953,USA,Boston MA,US,,,
1937,45,George Paget,Thomson,physics,2,"""for their experimental discovery of the diffraction of electrons by crystals""",45,male,1892-05-03,United Kingdom,Cambridge,GB,10/09/1975,United Kingdom,Cambridge,GB,London University,London,United Kingdom
1937,332,Albert,Szent-Györgyi,medicine,1,"""for his discoveries in connection with the biological combustion processes with special reference to vitamin C and the catalysis of fumaric acid""",332,male,1893-09-16,Austria-Hungary (now Hungary),Budapest,HU,22/10/1986,USA,Woods Hole MA,US,Szeged University,Szeged,Hungary
1937,196,Norman,Haworth,chemistry,2,"""for his investigations on carbohydrates and vitamin C""",196,male,1883-03-19,United Kingdom,Chorley,GB,19/03/1950,United Kingdom,Birmingham,GB,Birmingham University,Birmingham,United Kingdom
1937,44,Clinton,Davisson,physics,2,"""for their experimental discovery of the diffraction of electrons by crystals""",44,male,1881-10-22,USA,Bloomington IL,US,01/02/1958,USA,Charlottesville VA,US,Bell Telephone Laboratories,New York NY,USA
1937,502,Robert,Cecil,peace,1,"""for his tireless effort in support of the League of Nations disarmament and peace""",502,male,1864-09-14,United Kingdom,London,GB,24/11/1958,United Kingdom,Tunbridge Wells,GB,,,
1937,609,Roger,Martin du Gard,literature,1,"""for the artistic power and truth with which he has depicted human conflict as well as some fundamental aspects of contemporary life in his novel-cycle <I>Les Thibault</I>""",609,male,1881-03-23,France,Neuilly-sur-Seine,FR,22/08/1958,France,Bellême,FR,,,
1937,197,Paul,Karrer,chemistry,2,"""for his investigations on carotenoids flavins and vitamins A and B2""",197,male,1889-04-21,Russia,Moscow,RU,18/06/1971,Switzerland,Zurich,CH,University of Zurich,Zurich,Switzerland
1938,46,Enrico,Fermi,physics,1,"""for his demonstrations of the existence of new radioactive elements produced by neutron irradiation and for his related discovery of nuclear reactions brought about by slow neutrons""",46,male,29/09/1901,Italy,Rome,IT,28/11/1954,USA,Chicago IL,US,Rome University,Rome,Italy
1938,198,Richard,Kuhn,chemistry,1,"""for his work on carotenoids and vitamins""",198,male,03/12/1900,Austria-Hungary (now Austria),Vienna,AT,31/07/1967,West Germany (now Germany),Heidelberg,DE,Kaiser-Wilhelm-Institut (now Max-Planck Institut) für Medizinische Forschung,Heidelberg,Germany
1938,333,Corneille,Heymans,medicine,1,"""for the discovery of the role played by the sinus and aortic mechanisms in the regulation of respiration""",333,male,1892-03-28,Belgium,Ghent,BE,18/07/1968,Belgium,Knokke,BE,Ghent University,Ghent,Belgium
1938,503,Nansen International Office for Refugees,,peace,1,"""for having carried on the work of Fridtjof Nansen to the benefit of refugees across Europe""",503,org,1921-00-00,,,,0000-00-00,,,,,,
1938,610,Pearl,Buck,literature,1,"""for her rich and truly epic descriptions of peasant life in China and for her biographical masterpieces""",610,female,1892-06-26,USA,Hillsboro WV,US,06/03/1973,USA,Danby VT,US,,,
1939,334,Gerhard,Domagk,medicine,1,"""for the discovery of the antibacterial effects of prontosil""",334,male,1895-10-30,Germany (now Poland),Lagow,PL,24/04/1964,West Germany (now Germany),Burgberg,DE,Munster University,Munster,Germany
1939,47,Ernest,Lawrence,physics,1,"""for the invention and development of the cyclotron and for results obtained with it especially with regard to artificial radioactive elements""",47,male,08/08/1901,USA,Canton SD,US,27/08/1958,USA,Palo Alto CA,US,University of California,Berkeley CA,USA
1939,200,Leopold,Ruzicka,chemistry,2,"""for his work on polymethylenes and higher terpenes""",200,male,1887-09-13,Austria-Hungary (now Croatia),Vukovar,HR,26/09/1976,Switzerland,Zurich,CH,Eidgenössische Technische Hochschule (Swiss Federal Institute of Technology),Zurich,Switzerland
1939,199,Adolf,Butenandt,chemistry,2,"""for his work on sex hormones""",199,male,24/03/1903,Germany,Bremerhaven-Lehe,DE,18/01/1995,Germany,Munich,DE,Kaiser-Wilhelm-Institut (now Max-Planck-Institut) für Biochemie,Berlin-Dahlem,Germany
1939,613,Frans Eemil,Sillanpää,literature,1,"""for his deep understanding of his country's peasantry and the exquisite art with which he has portrayed their way of life and their relationship with Nature""",613,male,1888-09-16,Russian Empire (now Finland),Hämeenkyrö,FI,03/06/1964,Finland,Helsinki,FI,,,
1943,335,Henrik,Dam,medicine,2,"""for his discovery of vitamin K""",335,male,1895-02-21,Denmark,Copenhagen,DK,17/04/1976,Denmark,Copenhagen,DK,Polytechnic Institute,Copenhagen,Denmark
1943,336,Edward A.,Doisy,medicine,2,"""for his discovery of the chemical nature of vitamin K""",336,male,1893-11-13,USA,Hume IL,US,23/10/1986,USA,St. Louis MO,US,Saint Louis University,St. Louis MO,USA
1943,201,George,de Hevesy,chemistry,1,"""for his work on the use of isotopes as tracers in the study of chemical processes""",201,male,1885-08-01,Austria-Hungary (now Hungary),Budapest,HU,05/07/1966,West Germany (now Germany),Freiburg im Breisgau,DE,Stockholm University,Stockholm,Sweden
1943,48,Otto,Stern,physics,1,"""for his contribution to the development of the molecular ray method and his discovery of the magnetic moment of the proton""",48,male,1888-02-17,Germany (now Poland),Sorau (now Zory),PL,17/08/1969,USA,Berkeley CA,US,Carnegie Institute of Technology,Pittsburgh PA,USA
1944,337,Joseph,Erlanger,medicine,2,"""for their discoveries relating to the highly differentiated functions of single nerve fibres""",337,male,1874-01-05,USA,San Francisco CA,US,05/12/1965,USA,St. Louis MO,US,Washington University,St. Louis MO,USA
1944,614,Johannes V.,Jensen,literature,1,"""for the rare strength and fertility of his poetic imagination with which is combined an intellectual curiosity of wide scope and a bold freshly creative style""",614,male,1873-01-20,Denmark,Farsø,DK,25/11/1950,Denmark,Copenhagen,DK,,,
1944,338,Herbert S.,Gasser,medicine,2,"""for their discoveries relating to the highly differentiated functions of single nerve fibres""",338,male,1888-07-05,USA,Platteville WI,US,11/05/1963,USA,New York NY,US,Rockefeller Institute for Medical Research,New York NY,USA
1944,202,Otto,Hahn,chemistry,1,"""for his discovery of the fission of heavy nuclei""",202,male,1879-03-08,Germany,Frankfurt-on-the-Main,DE,28/07/1968,West Germany (now Germany),Göttingen,DE,Kaiser-Wilhelm-Institut (now Max-Planck Institut) für Chemie,Berlin-Dahlem,Germany
1944,482,International Committee of the Red Cross,,peace,1,"""for the great work it has performed during the war on behalf of humanity""",482,org,1863-00-00,,,,0000-00-00,,,,,,
1944,482,International Committee of the Red Cross,,peace,1,"""for the great work it has performed during the war on behalf of humanity""",482,org,1863-00-00,,,,0000-00-00,,,,,,
1944,482,International Committee of the Red Cross,,peace,1,"""for the great work it has performed during the war on behalf of humanity""",482,org,1863-00-00,,,,0000-00-00,,,,,,
1944,49,Isidor Isaac,Rabi,physics,1,"""for his resonance method for recording the magnetic properties of atomic nuclei""",49,male,1898-07-29,Austria-Hungary (now Poland),Rymanow,PL,11/01/1988,USA,New York NY,US,Columbia University,New York NY,USA
1945,50,Wolfgang,Pauli,physics,1,"""for the discovery of the Exclusion Principle also called the Pauli Principle""",50,male,25/04/1900,Austria,Vienna,AT,15/12/1958,Switzerland,Zurich,CH,Princeton University,Princeton NJ,USA
1945,615,Gabriela,Mistral,literature,1,"""for her lyric poetry which inspired by powerful emotions has made her name a symbol of the idealistic aspirations of the entire Latin American world""",615,female,1889-04-07,Chile,Vicuña,CL,10/01/1957,USA,Hempstead NY,US,,,
1945,203,Artturi,Virtanen,chemistry,1,"""for his research and inventions in agricultural and nutrition chemistry especially for his fodder preservation method""",203,male,1895-01-15,Russian Empire (now Finland),Helsinki,FI,11/11/1973,Finland,Helsinki,FI,University of Helsinki,Helsinki,Finland
1945,505,Cordell,Hull,peace,1,"""for his indefatigable work for international understanding and his pivotal role in establishing the United Nations""",505,male,1871-10-02,USA,Olympus TN,US,23/07/1955,USA,Bethesda MD,US,,,
1945,339,Sir Alexander,Fleming,medicine,3,"""for the discovery of penicillin and its curative effect in various infectious diseases""",339,male,1881-08-06,Scotland,Lochfield,GB,11/03/1955,United Kingdom,London,GB,London University,London,United Kingdom
1945,340,Ernst B.,Chain,medicine,3,"""for the discovery of penicillin and its curative effect in various infectious diseases""",340,male,19/06/1906,Germany,Berlin,DE,12/08/1979,Ireland,Mulrany,IE,University of Oxford,Oxford,United Kingdom
1945,341,Sir Howard,Florey,medicine,3,"""for the discovery of penicillin and its curative effect in various infectious diseases""",341,male,1898-09-24,Australia,Adelaide,AU,21/02/1968,United Kingdom,Oxford,GB,University of Oxford,Oxford,United Kingdom
1946,507,John R.,Mott,peace,2,"""for his contribution to the creation of a peace-promoting religious brotherhood across national boundaries""",507,male,1865-05-25,USA,Livingston Manor NY,US,31/01/1955,USA,,US,,,
1946,51,Percy W.,Bridgman,physics,1,"""for the invention of an apparatus to produce extremely high pressures and for the discoveries he made therewith in the field of high pressure physics""",51,male,1882-04-21,USA,Cambridge MA,US,20/08/1961,USA,Randolph NH,US,Harvard University,Cambridge MA,USA
1946,204,James B.,Sumner,chemistry,2,"""for his discovery that enzymes can be crystallized""",204,male,1887-11-19,USA,Canton MA,US,12/08/1955,USA,Buffalo NY,US,Cornell University,Ithaca NY,USA
1946,205,John H.,Northrop,chemistry,4,"""for their preparation of enzymes and virus proteins in a pure form""",205,male,1891-07-05,USA,Yonkers NY,US,27/05/1987,USA,Wickenberg AZ,US,Rockefeller Institute for Medical Research,Princeton NJ,USA
1946,206,Wendell M.,Stanley,chemistry,4,"""for their preparation of enzymes and virus proteins in a pure form""",206,male,16/08/1904,USA,Ridgeville IN,US,15/06/1971,Spain,Salamanca,ES,Rockefeller Institute for Medical Research,Princeton NJ,USA
1946,342,Hermann J.,Muller,medicine,1,"""for the discovery of the production of mutations by means of X-ray irradiation""",342,male,1890-12-21,USA,New York NY,US,05/04/1967,USA,Indianapolis IN,US,Indiana University,Bloomington IN,USA
1946,506,Emily Greene,Balch,peace,2,"""for her lifelong work for the cause of peace""",506,female,1867-01-08,USA,Jamaica Plain MA (now Boston MA),US,09/01/1961,USA,Cambridge MA,US,,,
1946,617,Hermann,Hesse,literature,1,"""for his inspired writings which while growing in boldness and penetration exemplify the classical humanitarian ideals and high qualities of style""",617,male,1877-07-02,Germany,Calw,DE,09/08/1962,Switzerland,Montagnola,CH,,,
1947,344,Gerty,Cori,medicine,4,"""for their discovery of the course of the catalytic conversion of glycogen""",344,female,1896-08-15,Austria-Hungary (now Czech Republic),Prague,CZ,26/10/1957,USA,St. Louis MO,US,Washington University,St. Louis MO,USA
1947,345,Bernardo,Houssay,medicine,2,"""for his discovery of the part played by the hormone of the anterior pituitary lobe in the metabolism of sugar""",345,male,1887-04-10,Argentina,Buenos Aires,AR,21/09/1971,Argentina,Buenos Aires,AR,Instituto de Biologia y Medicina Experimental (Institute for Biology and Experimental Medicine),Buenos Aires,Argentina
1947,52,Edward V.,Appleton,physics,1,"""for his investigations of the physics of the upper atmosphere especially for the discovery of the so-called Appleton layer""",52,male,1892-09-06,United Kingdom,Bradford,GB,21/04/1965,Scotland,Edinburgh,GB,Department of Scientific and Industrial Research,London,United Kingdom
1947,618,André,Gide,literature,1,"""for his comprehensive and artistically significant writings in which human problems and conditions have been presented with a fearless love of truth and keen psychological insight""",618,male,1869-11-22,France,Paris,FR,19/02/1951,France,Paris,FR,,,
1947,207,Sir Robert,Robinson,chemistry,1,"""for his investigations on plant products of biological importance especially the alkaloids""",207,male,1886-09-13,United Kingdom,Rufford near Chesterfield,GB,08/02/1975,United Kingdom,Great Missenden,GB,University of Oxford,Oxford,United Kingdom
1947,508,Friends Service Council,,peace,2,"""for their pioneering work in the international peace movement and compassionate effort to relieve human suffering thereby promoting the fraternity between nations""",508,org,1647-00-00,,,,0000-00-00,,,,,,
1947,509,American Friends Service Committee,,peace,2,"""for their pioneering work in the international peace movement and compassionate effort to relieve human suffering thereby promoting the fraternity between nations""",509,org,1917-00-00,,,,0000-00-00,,,,,,
1947,343,Carl,Cori,medicine,4,"""for their discovery of the course of the catalytic conversion of glycogen""",343,male,1896-12-05,Austria-Hungary (now Czech Republic),Prague,CZ,20/10/1984,USA,Cambridge MA,US,Washington University,St. Louis MO,USA
1948,346,Paul,Müller,medicine,1,"""for his discovery of the high efficiency of DDT as a contact poison against several arthropods""",346,male,1899-01-12,Switzerland,Olten,CH,12/10/1965,Switzerland,Basel,CH,Laboratorium der Farben-Fabriken J.R. Geigy A.G. (Laboratory of the J.R. Geigy Dye-Factory Co.),Basel,Switzerland
1948,619,T.S.,Eliot,literature,1,"""for his outstanding pioneer contribution to present-day poetry""",619,male,1888-09-26,USA,St. Louis MO,US,04/01/1965,United Kingdom,London,GB,,,
1948,208,Arne,Tiselius,chemistry,1,"""for his research on electrophoresis and adsorption analysis especially for his discoveries concerning the complex nature of the serum proteins""",208,male,10/08/1902,Sweden,Stockholm,SE,29/10/1971,Sweden,Uppsala,SE,Uppsala University,Uppsala,Sweden
1948,53,Patrick M.S.,Blackett,physics,1,"""for his development of the Wilson cloud chamber method and his discoveries therewith in the fields of nuclear physics and cosmic radiation""",53,male,1897-11-18,United Kingdom,London,GB,13/07/1974,United Kingdom,London,GB,Victoria University,Manchester,United Kingdom
1949,348,Egas,Moniz,medicine,2,"""for his discovery of the therapeutic value of leucotomy in certain psychoses""",348,male,1874-11-29,Portugal,Avanca,PT,13/12/1955,Portugal,Lisbon,PT,University of Lisbon,Lisbon,Portugal
1949,209,William F.,Giauque,chemistry,1,"""for his contributions in the field of chemical thermodynamics particularly concerning the behaviour of substances at extremely low temperatures""",209,male,1895-05-12,Canada,Niagara Falls,CA,28/03/1982,USA,Berkeley CA,US,University of California,Berkeley CA,USA
1949,347,Walter,Hess,medicine,2,"""for his discovery of the functional organization of the interbrain as a coordinator of the activities of the internal organs""",347,male,1881-03-17,Switzerland,Frauenfeld,CH,12/08/1973,Switzerland,Ascona,CH,University of Zurich,Zurich,Switzerland
1949,620,William,Faulkner,literature,1,"""for his powerful and artistically unique contribution to the modern American novel""",620,male,1897-09-25,USA,New Albany MS,US,06/07/1962,USA,Byhalia MS,US,,,
1949,510,John,Boyd Orr,peace,1,"""for his lifelong effort to conquer hunger and want thereby helping to remove a major cause of military conflict and war""",510,male,1880-09-23,Scotland,Kilmaurs,GB,25/06/1971,Scotland,Edzell,GB,,,
1949,54,Hideki,Yukawa,physics,1,"""for his prediction of the existence of mesons on the basis of theoretical work on nuclear forces""",54,male,23/01/1907,Japan,Tokyo,JP,08/09/1981,Japan,Kyoto,JP,Columbia University,New York NY,USA
1950,621,Bertrand,Russell,literature,1,"""in recognition of his varied and significant writings in which he champions humanitarian ideals and freedom of thought""",621,male,1872-05-18,United Kingdom,Trelleck,GB,02/02/1970,United Kingdom,Penrhyndeudraeth,GB,,,
1950,511,Ralph,Bunche,peace,1,"""for his work as mediator in Palestine in 1948-1949""",511,male,07/08/1904,USA,Detroit MI,US,09/12/1971,USA,New York NY,US,Harvard University,Cambridge MA,USA
1950,351,Philip S.,Hench,medicine,3,"""for their discoveries relating to the hormones of the adrenal cortex their structure and biological effects""",351,male,1896-02-28,USA,Pittsburgh PA,US,30/03/1965,Jamaica,Ocho Rios,JM,Mayo Clinic,Rochester MN,USA
1950,350,Tadeus,Reichstein,medicine,3,"""for their discoveries relating to the hormones of the adrenal cortex their structure and biological effects""",350,male,1897-07-20,Poland,Wloclawek,PL,01/08/1996,Switzerland,Basel,CH,Basel University,Basel,Switzerland
1950,349,Edward C.,Kendall,medicine,3,"""for their discoveries relating to the hormones of the adrenal cortex their structure and biological effects""",349,male,1886-03-08,USA,South Norwalk CT,US,04/05/1972,USA,Princeton NJ,US,Mayo Clinic,Rochester MN,USA
1950,211,Kurt,Alder,chemistry,2,"""for their discovery and development of the diene synthesis""",211,male,10/07/1902,Prussia (now Poland),Königshütte (now Chorzów),PL,20/06/1958,West Germany (now Germany),Cologne,DE,Cologne University,Cologne,Germany
1950,55,Cecil,Powell,physics,1,"""for his development of the photographic method of studying nuclear processes and his discoveries regarding mesons made with this method""",55,male,05/12/1903,United Kingdom,Tonbridge,GB,09/08/1969,Italy,,IT,Bristol University,Bristol,United Kingdom
1950,210,Otto,Diels,chemistry,2,"""for their discovery and development of the diene synthesis""",210,male,1876-01-23,Germany,Hamburg,DE,07/03/1954,West Germany (now Germany),Kiel,DE,Kiel University,Kiel,Germany
1951,512,Léon,Jouhaux,peace,1,"""for having devoted his life to the fight against war through the promotion of social justice and brotherhood among men and nations""",512,male,1879-07-01,France,Paris,FR,28/04/1954,France,Paris,FR,,,
1951,622,Pär,Lagerkvist,literature,1,"""for the artistic vigour and true independence of mind with which he endeavours in his poetry to find answers to the eternal questions confronting mankind""",622,male,1891-05-23,Sweden,Växjö,SE,11/07/1974,Sweden,Stockholm,SE,,,
1951,57,Ernest T.S.,Walton,physics,2,"""for their pioneer work on the transmutation of atomic nuclei by artificially accelerated atomic particles""",57,male,06/10/1903,Ireland,Dungarvan,IE,25/06/1995,Northern Ireland,Belfast,GB,Trinity College,Dublin,Ireland
1951,56,John,Cockcroft,physics,2,"""for their pioneer work on the transmutation of atomic nuclei by artificially accelerated atomic particles""",56,male,1897-05-27,United Kingdom,Todmorden,GB,18/09/1967,United Kingdom,Cambridge,GB,Atomic Energy Research Establishment,Harwell Berkshire,United Kingdom
1951,212,Edwin M.,McMillan,chemistry,2,"""for their discoveries in the chemistry of the transuranium elements""",212,male,18/09/1907,USA,Redondo Beach CA,US,07/09/1991,USA,El Cerrito CA,US,University of California,Berkeley CA,USA
1951,352,Max,Theiler,medicine,1,"""for his discoveries concerning yellow fever and how to combat it""",352,male,1899-01-30,South Africa,Pretoria,ZA,11/08/1972,USA,New Haven CT,US,Laboratories of the Division of Medicine and Public Health Rockefeller Foundation,New York NY,USA
1951,213,Glenn T.,Seaborg,chemistry,2,"""for their discoveries in the chemistry of the transuranium elements""",213,male,19/04/1912,USA,Ishpeming MI,US,25/02/1999,USA,Lafayette CA,US,University of California,Berkeley CA,USA
1952,58,Felix,Bloch,physics,2,"""for their development of new methods for nuclear magnetic precision measurements and discoveries in connection therewith""",58,male,23/10/1905,Switzerland,Zurich,CH,10/09/1983,Switzerland,Zurich,CH,Stanford University,Stanford CA,USA
1952,215,Richard L.M.,Synge,chemistry,2,"""for their invention of partition chromatography""",215,male,28/10/1914,United Kingdom,Liverpool,GB,18/08/1994,United Kingdom,Norwich,GB,Rowett Research Institute,Bucksburn (Scotland),United Kingdom
1952,513,Albert,Schweitzer,peace,1,"""for his altruism reverence for life and tireless humanitarian work which has helped making the idea of brotherhood between men and nations a living one""",513,male,1875-01-14,Germany (now France),Kaysersberg,FR,04/09/1965,Gabon,Lambaréné,GA,,,
1952,353,Selman A.,Waksman,medicine,1,"""for his discovery of streptomycin the first antibiotic effective against tuberculosis""",353,male,1888-07-22,Russian Empire (now Ukraine),Priluka (now Nova Pryluka),UA,16/08/1973,USA,Hyannis MA,US,Rutgers University,New Brunswick NJ,USA
1952,214,Archer J.P.,Martin,chemistry,2,"""for their invention of partition chromatography""",214,male,01/03/1910,United Kingdom,London,GB,28/07/2002,United Kingdom,Llangarron,GB,National Institute for Medical Research,London,United Kingdom
1952,59,E. M.,Purcell,physics,2,"""for their development of new methods for nuclear magnetic precision measurements and discoveries in connection therewith""",59,male,30/08/1912,USA,Taylorville IL,US,07/03/1997,USA,Cambridge MA,US,Harvard University,Cambridge MA,USA
1952,623,François,Mauriac,literature,1,"""for the deep spiritual insight and the artistic intensity with which he has in his novels penetrated the drama of human life""",623,male,1885-10-11,France,Bordeaux,FR,01/09/1970,France,Paris,FR,,,
1953,514,George C.,Marshall,peace,1,"""for proposing and supervising the plan for the economic recovery of Europe""",514,male,1880-12-31,USA,Uniontown PA,US,16/10/1959,USA,Washington D.C.,US,,,
1953,354,Hans,Krebs,medicine,2,"""for his discovery of the citric acid cycle""",354,male,25/08/1900,Germany,Hildesheim,DE,22/11/1981,United Kingdom,Oxford,GB,Sheffield University,Sheffield,United Kingdom
1953,355,Fritz,Lipmann,medicine,2,"""for his discovery of co-enzyme A and its importance for intermediary metabolism""",355,male,1899-06-12,Germany (now Russia),Koenigsberg (now Kaliningrad),RU,24/07/1986,USA,Poughkeepsie NY,US,Harvard Medical School,Boston MA,USA
1953,60,Frits,Zernike,physics,1,"""for his demonstration of the phase contrast method especially for his invention of the phase contrast microscope""",60,male,1888-07-16,the Netherlands,Amsterdam,NL,10/03/1966,the Netherlands,Groningen,NL,Groningen University,Groningen,the Netherlands
1953,216,Hermann,Staudinger,chemistry,1,"""for his discoveries in the field of macromolecular chemistry""",216,male,1881-03-23,Germany,Worms,DE,08/09/1965,West Germany (now Germany),Freiburg im Breisgau,DE,University of Freiburg,Breisgau,Germany
1953,624,Winston,Churchill,literature,1,"""for his mastery of historical and biographical description as well as for brilliant oratory in defending exalted human values""",624,male,1874-11-30,United Kingdom,Woodstock,GB,24/01/1965,United Kingdom,London,GB,,,
1954,356,John F.,Enders,medicine,3,"""for their discovery of the ability of poliomyelitis viruses to grow in cultures of various types of tissue""",356,male,1897-02-10,USA,West Hartford CT,US,08/09/1985,USA,Waterford CT,US,Harvard Medical School,Boston MA,USA
1954,357,Thomas H.,Weller,medicine,3,"""for their discovery of the ability of poliomyelitis viruses to grow in cultures of various types of tissue""",357,male,15/06/1915,USA,Ann Arbor MI,US,23/08/2008,USA,Needham MA,US,Research Division of Infectious Diseases Children's Medical Center,Boston MA,USA
1954,358,Frederick C.,Robbins,medicine,3,"""for their discovery of the ability of poliomyelitis viruses to grow in cultures of various types of tissue""",358,male,25/08/1916,USA,Auburn AL,US,04/08/2003,USA,Cleveland OH,US,Western Reserve University,Cleveland OH,USA
1954,217,Linus,Pauling,chemistry,1,"""for his research into the nature of the chemical bond and its application to the elucidation of the structure of complex substances""",217,male,28/02/1901,USA,Portland OR,US,19/08/1994,USA,Big Sur CA,US,California Institute of Technology (Caltech),Pasadena CA,USA
1954,217,Linus,Pauling,chemistry,1,"""for his research into the nature of the chemical bond and its application to the elucidation of the structure of complex substances""",217,male,28/02/1901,USA,Portland OR,US,19/08/1994,USA,Big Sur CA,US,California Institute of Technology (Caltech),Pasadena CA,USA
1954,61,Max,Born,physics,2,"""for his fundamental research in quantum mechanics especially for his statistical interpretation of the wavefunction""",61,male,1882-12-11,Germany (now Poland),Breslau (now Wroclaw),PL,05/01/1970,West Germany (now Germany),Göttingen,DE,Edinburgh University,Edinburgh,United Kingdom
1954,62,Walther,Bothe,physics,2,"""for the coincidence method and his discoveries made therewith""",62,male,1891-01-08,Germany,Oranienburg,DE,08/02/1957,West Germany (now Germany),Heidelberg,DE,University of Heidelberg,Heidelberg,Germany
1954,625,Ernest,Hemingway,literature,1,"""for his mastery of the art of narrative most recently demonstrated in <I>The Old Man and the Sea</I> and for the influence that he has exerted on contemporary style""",625,male,1899-07-21,USA,Oak Park IL,US,02/07/1961,USA,Ketchum ID,US,,,
1954,515,Office of the United Nations High Commissioner for Refugees,,peace,1,"""for its efforts to heal the wounds of war by providing help and protection to refugees all over the world""",515,org,14/12/1950,,,,0000-00-00,,,,,,
1954,515,Office of the United Nations High Commissioner for Refugees,,peace,1,"""for its efforts to heal the wounds of war by providing help and protection to refugees all over the world""",515,org,14/12/1950,,,,0000-00-00,,,,,,
1955,626,Halldór,Laxness,literature,1,"""for his vivid epic power which has renewed the great narrative art of Iceland""",626,male,23/04/1902,Iceland,Reykjavik,IS,08/02/1998,Iceland,Reykjavik,IS,,,
1955,64,Polykarp,Kusch,physics,2,"""for his precision determination of the magnetic moment of the electron""",64,male,26/01/1911,Germany,Blankenburg,DE,20/03/1993,USA,Dallas TX,US,Columbia University,New York NY,USA
1955,63,Willis E.,Lamb,physics,2,"""for his discoveries concerning the fine structure of the hydrogen spectrum""",63,male,12/07/1913,USA,Los Angeles CA,US,15/05/2008,USA,Tucson AZ,US,Stanford University,Stanford CA,USA
1955,359,Hugo,Theorell,medicine,1,"""for his discoveries concerning the nature and mode of action of oxidation enzymes""",359,male,06/07/1903,Sweden,Linköping,SE,15/08/1982,Sweden,Stockholm,SE,Karolinska Institutet Nobel Medical Institute,Stockholm,Sweden
1955,218,Vincent,du Vigneaud,chemistry,1,"""for his work on biochemically important sulphur compounds especially for the first synthesis of a polypeptide hormone""",218,male,18/05/1901,USA,Chicago IL,US,11/12/1978,USA,White Plains NY,US,Cornell University,Ithaca NY,USA
1956,361,Werner,Forssmann,medicine,3,"""for their discoveries concerning heart catheterization and pathological changes in the circulatory system""",361,male,29/08/1904,Germany,Berlin,DE,01/06/1979,West Germany (now Germany),Schopfheim,DE,Mainz University,Mainz,Germany
1956,360,André F.,Cournand,medicine,3,"""for their discoveries concerning heart catheterization and pathological changes in the circulatory system""",360,male,1895-09-24,France,Paris,FR,19/02/1988,USA,Great Barrington MA,US,Columbia University Division Cardio-Pulmonary Laboratory Bellevue Hospital,New York NY,USA
1956,67,Walter H.,Brattain,physics,3,"""for their researches on semiconductors and their discovery of the transistor effect""",67,male,10/02/1902,China,Amoy,CN,13/10/1987,USA,Seattle WA,US,Bell Telephone Laboratories,Murray Hill NJ,USA
1956,220,Nikolay,Semenov,chemistry,2,"""for their researches into the mechanism of chemical reactions""",220,male,1896-04-03,Russia,Saratov,RU,25/09/1986,USSR (now Russia),Moscow,RU,Institute for Chemical Physics of the Academy of Sciences of the USSR,Moscow,USSR (now Russia)
1956,219,Sir Cyril,Hinshelwood,chemistry,2,"""for their researches into the mechanism of chemical reactions""",219,male,1897-05-19,United Kingdom,London,GB,09/10/1967,United Kingdom,London,GB,University of Oxford,Oxford,United Kingdom
1956,66,John,Bardeen,physics,3,"""for their researches on semiconductors and their discovery of the transistor effect""",66,male,23/05/1908,USA,Madison WI,US,30/01/1991,USA,Boston MA,US,University of Illinois,Urbana IL,USA
1956,66,John,Bardeen,physics,3,"""for their researches on semiconductors and their discovery of the transistor effect""",66,male,23/05/1908,USA,Madison WI,US,30/01/1991,USA,Boston MA,US,University of Illinois,Urbana IL,USA
1956,65,William B.,Shockley,physics,3,"""for their researches on semiconductors and their discovery of the transistor effect""",65,male,13/02/1910,United Kingdom,London,GB,12/08/1989,USA,Palo Alto CA,US,Semiconductor Laboratory of Beckman Instruments Inc.,Mountain View CA,USA
1956,362,Dickinson W.,Richards,medicine,3,"""for their discoveries concerning heart catheterization and pathological changes in the circulatory system""",362,male,1895-10-30,USA,Orange NJ,US,23/02/1973,USA,Lakeville CT,US,Columbia University,New York NY,USA
1956,627,Juan Ramón,Jiménez,literature,1,"""for his lyrical poetry which in Spanish language constitutes an example of high spirit and artistical purity""",627,male,1881-12-24,Spain,Moguer,ES,29/05/1958,Puerto Rico,San Juan,PR,,,
1957,68,Chen Ning,Yang,physics,2,"""for their penetrating investigation of the so-called parity laws which has led to important discoveries regarding the elementary particles""",68,male,22/09/1922,China,Hofei Anhwei,CN,0000-00-00,,,,Institute for Advanced Study,Princeton NJ,USA
1957,516,Lester Bowles,Pearson,peace,1,"""for his crucial contribution to the deployment of a United Nations Emergency Force in the wake of the Suez Crisis""",516,male,1897-04-23,Canada,Toronto,CA,27/12/1972,Canada,Ottawa,CA,,,
1957,221,Lord,Todd,chemistry,1,"""for his work on nucleotides and nucleotide co-enzymes""",221,male,02/10/1907,Scotland,Glasgow,GB,10/01/1997,United Kingdom,Cambridge,GB,University of Cambridge,Cambridge,United Kingdom
1957,69,Tsung-Dao,Lee,physics,2,"""for their penetrating investigation of the so-called parity laws which has led to important discoveries regarding the elementary particles""",69,male,24/11/1926,China,Shanghai,CN,0000-00-00,,,,Columbia University,New York NY,USA
1957,628,Albert,Camus,literature,1,"""for his important literary production which with clear-sighted earnestness illuminates the problems of the human conscience in our times""",628,male,07/11/1913,French Algeria (now Algeria),Mondovi,DZ,04/01/1960,France,Sens,FR,,,
1957,363,Daniel,Bovet,medicine,1,"""for his discoveries relating to synthetic compounds that inhibit the action of certain body substances and especially their action on the vascular system and the skeletal muscles""",363,male,23/03/1907,Switzerland,Neuchâtel,CH,08/04/1992,Italy,Rome,IT,Istituto Superiore di Sanità (Chief Institute of Public Health),Rome,Italy
1958,222,Frederick,Sanger,chemistry,1,"""for his work on the structure of proteins especially that of insulin""",222,male,13/08/1918,United Kingdom,Rendcombe,GB,19/11/2013,United Kingdom,Cambridge,GB,University of Cambridge,Cambridge,United Kingdom
1958,222,Frederick,Sanger,chemistry,1,"""for his work on the structure of proteins especially that of insulin""",222,male,13/08/1918,United Kingdom,Rendcombe,GB,19/11/2013,United Kingdom,Cambridge,GB,MRC Laboratory of Molecular Biology,Cambridge,United Kingdom
1958,517,Georges,Pire,peace,1,"""for his efforts to help refugees to leave their camps and return to a life of freedom and dignity""",517,male,10/02/1910,Belgium,Dinant,BE,30/01/1969,Belgium,Leuven,BE,,,
1958,365,Edward,Tatum,medicine,4,"""for their discovery that genes act by regulating definite chemical events""",365,male,14/12/1909,USA,Boulder CO,US,05/11/1975,USA,New York NY,US,Rockefeller Institute for Medical Research,New York NY,USA
1958,366,Joshua,Lederberg,medicine,2,"""for his discoveries concerning genetic recombination and the organization of the genetic material of bacteria""",366,male,23/05/1925,USA,Montclair NJ,US,02/02/2008,USA,New York NY,US,University of Wisconsin,Madison WI,USA
1958,629,Boris,Pasternak,literature,1,"""for his important achievement both in contemporary lyrical poetry and in the field of the great Russian epic tradition""",629,male,1890-02-10,Russia,Moscow,RU,30/05/1960,Russia,Peredelkino,RU,,,
1958,721,Il´ja M.,Frank,physics,3,"""for the discovery and the interpretation of the Cherenkov effect""",721,male,23/10/1908,Russia,Leningrad (now St. Petersburg),RU,22/06/1990,USSR (now Russia),Moscow,RU,Lomonosov Moscow State University,Moscow,USSR (now Russia)
1958,71,Igor Y.,Tamm,physics,3,"""for the discovery and the interpretation of the Cherenkov effect""",71,male,1895-07-08,Russia,Vladivostok,RU,12/04/1971,USSR (now Russia),Moscow,RU,Lomonosov Moscow State University,Moscow,USSR (now Russia)
1958,70,Pavel A.,Cherenkov,physics,3,"""for the discovery and the interpretation of the Cherenkov effect""",70,male,28/07/1904,Russia,Novaya Chigla,RU,06/01/1990,USSR (now Russia),,RU,P.N. Lebedev Physical Institute,Moscow,USSR (now Russia)
1958,364,George,Beadle,medicine,4,"""for their discovery that genes act by regulating definite chemical events""",364,male,22/10/1903,USA,Wahoo NE,US,09/06/1989,USA,Pomona CA,US,California Institute of Technology (Caltech),Pasadena CA,USA
1959,368,Arthur,Kornberg,medicine,2,"""for their discovery of the mechanisms in the biological synthesis of ribonucleic acid and deoxyribonucleic acid""",368,male,03/03/1918,USA,Brooklyn NY,US,26/10/2007,USA,Stanford CA,US,Stanford University,Stanford CA,USA
1959,223,Jaroslav,Heyrovsky,chemistry,1,"""for his discovery and development of the polarographic methods of analysis""",223,male,1890-12-20,Austria-Hungary (now Czech Republic),Prague,CZ,27/03/1967,Czechoslovakia (now Czech Republic),Prague,CZ,Polarographic Institute of the Czechoslovak Academy of Science,Prague,Czechoslovakia (now Czech Republic)
1959,73,Owen,Chamberlain,physics,2,"""for their discovery of the antiproton""",73,male,10/07/1920,USA,San Francisco CA,US,28/02/2006,USA,Berkeley CA,US,University of California,Berkeley CA,USA
1959,72,Emilio,Segrè,physics,2,"""for their discovery of the antiproton""",72,male,01/02/1905,Italy,Tivoli,IT,22/04/1989,USA,Lafayette CA,US,University of California,Berkeley CA,USA
1959,367,Severo,Ochoa,medicine,2,"""for their discovery of the mechanisms in the biological synthesis of ribonucleic acid and deoxyribonucleic acid""",367,male,24/09/1905,Spain,Luarca,ES,01/11/1993,Spain,Madrid,ES,New York University College of Medicine,New York NY,USA
1959,518,Philip,Noel-Baker,peace,1,"""for his longstanding contribution to the cause of disarmament and peace""",518,male,1889-11-01,United Kingdom,London,GB,08/10/1982,United Kingdom,London,GB,,,
1959,630,Salvatore,Quasimodo,literature,1,"""for his lyrical poetry which with classical fire expresses the tragic experience of life in our own times""",630,male,20/08/1901,Italy,Modica,IT,14/06/1968,Italy,Naples,IT,,,
1960,370,Peter,Medawar,medicine,2,"""for discovery of acquired immunological tolerance""",370,male,28/02/1915,Brazil,Rio de Janeiro,BR,02/10/1987,United Kingdom,London,GB,University College,London,United Kingdom
1960,74,Donald A.,Glaser,physics,1,"""for the invention of the bubble chamber""",74,male,21/09/1926,USA,Cleveland OH,US,28/02/2013,USA,Berkeley CA,US,University of California,Berkeley CA,USA
1960,369,Sir Frank Macfarlane,Burnet,medicine,2,"""for discovery of acquired immunological tolerance""",369,male,1899-09-03,Australia,Traralgon,AU,31/08/1985,Australia,Melbourne,AU,Walter and Eliza Hall Institute for Medical Research,Melbourne,Australia
1960,631,Saint-John,Perse,literature,1,"""for the soaring flight and the evocative imagery of his poetry which in a visionary fashion reflects the conditions of our time""",631,male,1887-05-31,Guadeloupe Island,Pointe-à-Pitre,GP,20/09/1975,France,Presqu'île-de-Giens,FR,,,
1960,519,Albert,Lutuli,peace,1,"""for his non-violent struggle against apartheid""",519,male,1898-00-00,Southern Rhodesia (now Zimbabwe),Bulawayo,ZW,21/07/1967,South Africa,Stanger,ZA,,,
1960,224,Willard F.,Libby,chemistry,1,"""for his method to use carbon-14 for age determination in archaeology geology geophysics and other branches of science""",224,male,17/12/1908,USA,Grand Valley CO,US,08/09/1980,USA,Los Angeles CA,US,University of California,Los Angeles CA,USA
1961,76,Rudolf,Mössbauer,physics,2,"""for his researches concerning the resonance absorption of gamma radiation and his discovery in this connection of the effect which bears his name""",76,male,31/01/1929,Germany,Munich,DE,14/09/2011,,,,Technical University,Munich,Germany
1961,520,Dag,Hammarskjöld,peace,1,"""for developing the UN into an effective and constructive international organization capable of giving life to the principles and aims expressed in the UN Charter""",520,male,29/07/1905,Sweden,Jönköping,SE,18/09/1961,Northern Rhodesia (now Zambia),Ndola,ZM,,,
1961,371,Georg,von Békésy,medicine,1,"""for his discoveries of the physical mechanism of stimulation within the cochlea""",371,male,1899-06-03,Hungary,Budapest,HU,13/06/1972,USA,Honolulu HI,US,Harvard University,Cambridge MA,USA
1961,633,Ivo,Andric,literature,1,"""for the epic force with which he has traced themes and depicted human destinies drawn from the history of his country""",633,male,1892-10-10,Bosnia (now Bosnia and Herzegovina),Dolac,BA,13/03/1975,Yugoslavia (now Serbia),Belgrade,RS,,,
1961,225,Melvin,Calvin,chemistry,1,"""for his research on the carbon dioxide assimilation in plants""",225,male,08/04/1911,USA,St. Paul MN,US,08/01/1997,USA,Berkeley CA,US,University of California,Berkeley CA,USA
1961,75,Robert,Hofstadter,physics,2,"""for his pioneering studies of electron scattering in atomic nuclei and for his thereby achieved discoveries concerning the structure of the nucleons""",75,male,05/02/1915,USA,New York NY,US,17/11/1990,USA,Stanford CA,US,Stanford University,Stanford CA,USA
1962,374,Maurice,Wilkins,medicine,3,"""for their discoveries concerning the molecular structure of nucleic acids and its significance for information transfer in living material""",374,male,15/12/1916,New Zealand,Pongaroa,NZ,05/10/2004,United Kingdom,London,GB,London University,London,United Kingdom
1962,373,James,Watson,medicine,3,"""for their discoveries concerning the molecular structure of nucleic acids and its significance for information transfer in living material""",373,male,06/04/1928,USA,Chicago IL,US,0000-00-00,,,,Harvard University,Cambridge MA,USA
1962,372,Francis,Crick,medicine,3,"""for their discoveries concerning the molecular structure of nucleic acids and its significance for information transfer in living material""",372,male,08/06/1916,United Kingdom,Northampton,GB,28/07/2004,USA,San Diego CA,US,MRC Laboratory of Molecular Biology,Cambridge,United Kingdom
1962,217,Linus,Pauling,peace,1,"""for his fight against the nuclear arms race between East and West""",217,male,28/02/1901,USA,Portland OR,US,19/08/1994,USA,Big Sur CA,US,California Institute of Technology (Caltech),Pasadena CA,USA
1962,217,Linus,Pauling,peace,1,"""for his fight against the nuclear arms race between East and West""",217,male,28/02/1901,USA,Portland OR,US,19/08/1994,USA,Big Sur CA,US,California Institute of Technology (Caltech),Pasadena CA,USA
1962,227,John C.,Kendrew,chemistry,2,"""for their studies of the structures of globular proteins""",227,male,24/03/1917,United Kingdom,Oxford,GB,23/08/1997,United Kingdom,Cambridge,GB,MRC Laboratory of Molecular Biology,Cambridge,United Kingdom
1962,226,Max F.,Perutz,chemistry,2,"""for their studies of the structures of globular proteins""",226,male,19/05/1914,Austria,Vienna,AT,06/02/2002,United Kingdom,Cambridge,GB,MRC Laboratory of Molecular Biology,Cambridge,United Kingdom
1962,77,Lev,Landau,physics,1,"""for his pioneering theories for condensed matter especially liquid helium""",77,male,22/01/1908,Russian Empire (now Azerbaijan),Baku,AZ,01/04/1968,USSR (now Russia),Moscow,RU,Academy of Sciences,Moscow,USSR (now Russia)
1962,634,John,Steinbeck,literature,1,"""for his realistic and imaginative writings combining as they do sympathetic humour and keen social perception""",634,male,27/02/1902,USA,Salinas CA,US,20/12/1968,USA,New York NY,US,,,
1963,377,Andrew,Huxley,medicine,3,"""for their discoveries concerning the ionic mechanisms involved in excitation and inhibition in the peripheral and central portions of the nerve cell membrane""",377,male,22/11/1917,United Kingdom,Hampstead,GB,30/05/2012,United Kingdom,Grantchester,GB,University College,London,United Kingdom
1963,376,Alan,Hodgkin,medicine,3,"""for their discoveries concerning the ionic mechanisms involved in excitation and inhibition in the peripheral and central portions of the nerve cell membrane""",376,male,05/02/1914,United Kingdom,Banbury,GB,20/12/1998,United Kingdom,Cambridge,GB,University of Cambridge,Cambridge,United Kingdom
1963,375,Sir John,Eccles,medicine,3,"""for their discoveries concerning the ionic mechanisms involved in excitation and inhibition in the peripheral and central portions of the nerve cell membrane""",375,male,27/01/1903,Australia,Melbourne,AU,02/05/1997,Switzerland,Contra,CH,Australian National University,Canberra,Australia
1963,80,J. Hans D.,Jensen,physics,4,"""for their discoveries concerning nuclear shell structure""",80,male,25/06/1907,Germany,Hamburg,DE,11/02/1973,West Germany (now Germany),Heidelberg,DE,University of Heidelberg,Heidelberg,Germany
1963,78,Eugene,Wigner,physics,2,"""for his contributions to the theory of the atomic nucleus and the elementary particles particularly through the discovery and application of fundamental symmetry principles""",78,male,17/11/1902,Austria-Hungary (now Hungary),Budapest,HU,01/01/1995,USA,Princeton NJ,US,Princeton University,Princeton NJ,USA
1963,482,International Committee of the Red Cross,,peace,2,"""for promoting the principles of the Geneva Convention and cooperation with the UN""",482,org,1863-00-00,,,,0000-00-00,,,,,,
1963,482,International Committee of the Red Cross,,peace,2,"""for promoting the principles of the Geneva Convention and cooperation with the UN""",482,org,1863-00-00,,,,0000-00-00,,,,,,
1963,482,International Committee of the Red Cross,,peace,2,"""for promoting the principles of the Geneva Convention and cooperation with the UN""",482,org,1863-00-00,,,,0000-00-00,,,,,,
1963,523,League of Red Cross Societies,,peace,2,"""for promoting the principles of the Geneva Convention and cooperation with the UN""",523,org,1919-00-00,,,,0000-00-00,,,,,,
1963,635,Giorgos,Seferis,literature,1,"""for his eminent lyrical writing inspired by a deep feeling for the Hellenic world of culture""",635,male,13/03/1900,Ottoman Empire (now Turkey),Smyrna (now Izmir),TR,20/09/1971,Greece,Athens,GR,,,
1963,79,Maria,Goeppert Mayer,physics,4,"""for their discoveries concerning nuclear shell structure""",79,female,28/06/1906,Germany (now Poland),Kattowitz (now Katowice),PL,20/02/1972,USA,San Diego CA,US,University of California,San Diego CA,USA
1963,228,Karl,Ziegler,chemistry,2,"""for their discoveries in the field of the chemistry and technology of high polymers""",228,male,1898-11-26,Germany,Helsa,DE,12/08/1973,West Germany (now Germany),Mülheim,DE,Max-Planck-Institut für Kohlenforschung,Mülheim an der Ruhr,Germany
1963,229,Giulio,Natta,chemistry,2,"""for their discoveries in the field of the chemistry and technology of high polymers""",229,male,26/02/1903,Italy,Imperia,IT,02/05/1979,Italy,Bergamo,IT,Institute of Technology,Milan,Italy
1964,82,Nicolay G.,Basov,physics,4,"""for fundamental work in the field of quantum electronics which has led to the construction of oscillators and amplifiers based on the maser-laser principle""",82,male,14/12/1922,USSR (now Russia),Usman,RU,01/07/2001,Russia,Moscow,RU,P.N. Lebedev Physical Institute,Moscow,USSR (now Russia)
1964,637,Jean-Paul,Sartre,literature,1,"""for his work which rich in ideas and filled with the spirit of freedom and the quest for truth has exerted a far-reaching influence on our age""",637,male,21/06/1905,France,Paris,FR,15/04/1980,France,Paris,FR,,,
1964,524,Martin Luther,King Jr.,peace,1,"""for his non-violent struggle for civil rights for the Afro-American population""",524,male,15/01/1929,USA,Atlanta GA,US,04/04/1968,USA,Memphis TN,US,,,
1964,83,Aleksandr M.,Prokhorov,physics,4,"""for fundamental work in the field of quantum electronics which has led to the construction of oscillators and amplifiers based on the maser-laser principle""",83,male,11/07/1916,Australia,Atherton,AU,08/01/2002,Russia,Moscow,RU,P.N. Lebedev Physical Institute,Moscow,USSR (now Russia)
1964,379,Feodor,Lynen,medicine,2,"""for their discoveries concerning the mechanism and regulation of the cholesterol and fatty acid metabolism""",379,male,06/04/1911,Germany,Munich,DE,06/08/1979,Germany,Munich,DE,Max-Planck-Institut für Zellchemie,Munich,Germany
1964,81,Charles H.,Townes,physics,2,"""for fundamental work in the field of quantum electronics which has led to the construction of oscillators and amplifiers based on the maser-laser principle""",81,male,28/07/1915,USA,Greenville SC,US,27/01/2015,USA,Berkeley CA,US,Massachusetts Institute of Technology (MIT),Cambridge MA,USA
1964,378,Konrad,Bloch,medicine,2,"""for their discoveries concerning the mechanism and regulation of the cholesterol and fatty acid metabolism""",378,male,21/01/1912,Germany (now Poland),Neisse (now Nysa),PL,15/10/2000,USA,Burlington MA,US,Harvard University,Cambridge MA,USA
1964,230,Dorothy Crowfoot,Hodgkin,chemistry,1,"""for her determinations by X-ray techniques of the structures of important biochemical substances""",230,female,12/05/1910,Egypt,Cairo,EG,29/07/1994,United Kingdom,Shipston-on-Stour,GB,University of Oxford Royal Society,Oxford,United Kingdom
1965,231,Robert B.,Woodward,chemistry,1,"""for his outstanding achievements in the art of organic synthesis""",231,male,10/04/1917,USA,Boston MA,US,08/07/1979,USA,Cambridge MA,US,Harvard University,Cambridge MA,USA
1965,380,François,Jacob,medicine,3,"""for their discoveries concerning genetic control of enzyme and virus synthesis""",380,male,17/06/1920,France,Nancy,FR,19/04/2013,France,Paris,FR,Institut Pasteur,Paris,France
1965,381,André,Lwoff,medicine,3,"""for their discoveries concerning genetic control of enzyme and virus synthesis""",381,male,08/05/1902,France,Ainay-le-Château,FR,30/09/1994,France,Paris,FR,Institut Pasteur,Paris,France
1965,382,Jacques,Monod,medicine,3,"""for their discoveries concerning genetic control of enzyme and virus synthesis""",382,male,09/02/1910,France,Paris,FR,31/05/1976,France,Cannes,FR,Institut Pasteur,Paris,France
1965,525,United Nations Children's Fund,,peace,1,"""for its effort to enhance solidarity between nations and reduce the difference between rich and poor states""",525,org,1946-00-00,,,,0000-00-00,,,,,,
1965,84,Sin-Itiro,Tomonaga,physics,3,"""for their fundamental work in quantum electrodynamics with deep-ploughing consequences for the physics of elementary particles""",84,male,31/03/1906,Japan,Kyoto,JP,08/07/1979,Japan,Tokyo,JP,Tokyo University of Education,Tokyo,Japan
1965,638,Mikhail,Sholokhov,literature,1,"""for the artistic power and integrity with which in his epic of the Don he has given expression to a historic phase in the life of the Russian people""",638,male,24/05/1905,Russia,Veshenskaya,RU,21/02/1984,USSR (now Russia),Veshenskaya,RU,,,
1965,85,Julian,Schwinger,physics,3,"""for their fundamental work in quantum electrodynamics with deep-ploughing consequences for the physics of elementary particles""",85,male,12/02/1918,USA,New York NY,US,16/07/1994,USA,Los Angeles CA,US,Harvard University,Cambridge MA,USA
1965,86,Richard P.,Feynman,physics,3,"""for their fundamental work in quantum electrodynamics with deep-ploughing consequences for the physics of elementary particles""",86,male,11/05/1918,USA,New York NY,US,15/02/1988,USA,Los Angeles CA,US,California Institute of Technology (Caltech),Pasadena CA,USA
1966,384,Charles B.,Huggins,medicine,2,"""for his discoveries concerning hormonal treatment of prostatic cancer""",384,male,22/09/1901,Canada,Halifax Nova Scotia,CA,12/01/1997,USA,Chicago IL,US,University of Chicago Ben May Laboratory for Cancer Research,Chicago IL,USA
1966,639,Shmuel,Agnon,literature,2,"""for his profoundly characteristic narrative art with motifs from the life of the Jewish people""",639,male,1888-07-17,Austria-Hungary (now Ukraine),Buczacz (now Buchach),UA,17/02/1970,Israel,Rehovot,IL,,,
1966,232,Robert S.,Mulliken,chemistry,1,"""for his fundamental work concerning chemical bonds and the electronic structure of molecules by the molecular orbital method""",232,male,1896-06-07,USA,Newburyport MA,US,31/10/1986,USA,Arlington VA,US,University of Chicago,Chicago IL,USA
1966,383,Peyton,Rous,medicine,2,"""for his discovery of tumour-inducing viruses""",383,male,1879-10-05,USA,Baltimore MD,US,16/02/1970,USA,New York NY,US,Rockefeller University,New York NY,USA
1966,640,Nelly,Sachs,literature,2,"""for her outstanding lyrical and dramatic writing which interprets Israel's destiny with touching strength""",640,female,1891-12-10,Germany,Berlin,DE,12/05/1970,Sweden,Stockholm,SE,,,
1966,87,Alfred,Kastler,physics,1,"""for the discovery and development of optical methods for studying Hertzian resonances in atoms""",87,male,03/05/1902,Germany (now France),Guebwiller,FR,07/01/1984,France,Bandol,FR,École Normale Supérieure,Paris,France
1967,385,Ragnar,Granit,medicine,3,"""for their discoveries concerning the primary physiological and chemical visual processes in the eye""",385,male,30/10/1900,Russian Empire (now Finland),Helsinki,FI,12/03/1991,Sweden,Stockholm,SE,Karolinska Institutet,Stockholm,Sweden
1967,387,George,Wald,medicine,3,"""for their discoveries concerning the primary physiological and chemical visual processes in the eye""",387,male,18/11/1906,USA,New York NY,US,12/04/1997,USA,Cambridge MA,US,Harvard University,Cambridge MA,USA
1967,235,George,Porter,chemistry,4,"""for their studies of extremely fast chemical reactions effected by disturbing the equilibrium by means of very short pulses of energy""",235,male,06/12/1920,United Kingdom,Stainforth,GB,31/08/2002,United Kingdom,Canterbury,GB,Royal Institution of Great Britain,London,United Kingdom
1967,641,Miguel Angel,Asturias,literature,1,"""for his vivid literary achievement deep-rooted in the national traits and traditions of Indian peoples of Latin America""",641,male,1899-10-19,Guatemala,Guatemala City,GT,09/06/1974,Spain,Madrid,ES,,,
1967,234,Ronald G.W.,Norrish,chemistry,4,"""for their studies of extremely fast chemical reactions effected by disturbing the equilibrium by means of very short pulses of energy""",234,male,1897-11-09,United Kingdom,Cambridge,GB,07/06/1978,United Kingdom,Cambridge,GB,Institute of Physical Chemistry,Cambridge,United Kingdom
1967,233,Manfred,Eigen,chemistry,2,"""for their studies of extremely fast chemical reactions effected by disturbing the equilibrium by means of very short pulses of energy""",233,male,09/05/1927,Germany,Bochum,DE,06/02/2019,Germany,Göttingen,DE,Max-Planck-Institut für Physikalische Chemie,Göttingen,Germany
1967,386,Keffer,Hartline,medicine,3,"""for their discoveries concerning the primary physiological and chemical visual processes in the eye""",386,male,22/12/1903,USA,Bloomsburg PA,US,17/03/1983,USA,Fallston MD,US,Rockefeller University,New York NY,USA
1967,88,Hans,Bethe,physics,1,"""for his contributions to the theory of nuclear reactions especially his discoveries concerning the energy production in stars""",88,male,02/07/1906,Germany (now France),Strasbourg,FR,06/03/2005,USA,Ithaca NY,US,Cornell University,Ithaca NY,USA
1968,389,H. Gobind,Khorana,medicine,3,"""for their interpretation of the genetic code and its function in protein synthesis""",389,male,09/01/1922,India,Raipur,IN,09/11/2011,USA,Concord MA,US,University of Wisconsin,Madison WI,USA
1968,390,Marshall W.,Nirenberg,medicine,3,"""for their interpretation of the genetic code and its function in protein synthesis""",390,male,10/04/1927,USA,New York NY,US,15/01/2010,USA,New York NY,US,National Institutes of Health,Bethesda MD,USA
1968,236,Lars,Onsager,chemistry,1,"""for the discovery of the reciprocal relations bearing his name which are fundamental for the thermodynamics of irreversible processes""",236,male,27/11/1903,Norway,Kristiania (now Oslo),NO,05/10/1976,USA,Coral Gables FL,US,Yale University,New Haven CT,USA
1968,526,René,Cassin,peace,1,"""for his struggle to ensure the rights of man as stipulated in the UN Declaration""",526,male,1887-10-05,France,Bayonne,FR,20/02/1976,France,Paris,FR,,,
1968,388,Robert W.,Holley,medicine,3,"""for their interpretation of the genetic code and its function in protein synthesis""",388,male,28/01/1922,USA,Urbana IL,US,11/02/1993,USA,Los Gatos CA,US,Cornell University,Ithaca NY,USA
1968,89,Luis,Alvarez,physics,1,"""for his decisive contributions to elementary particle physics in particular the discovery of a large number of resonance states made possible through his development of the technique of using hydrogen bubble chamber and data analysis""",89,male,13/06/1911,USA,San Francisco CA,US,01/09/1988,USA,Berkeley CA,US,University of California,Berkeley CA,USA
1968,642,Yasunari,Kawabata,literature,1,"""for his narrative mastery which with great sensibility expresses the essence of the Japanese mind""",642,male,1899-06-11,Japan,Osaka,JP,16/04/1972,Japan,Zushi,JP,,,
1969,237,Derek,Barton,chemistry,2,"""for their contributions to the development of the concept of conformation and its application in chemistry""",237,male,08/09/1918,United Kingdom,Gravesend,GB,16/03/1998,USA,College Station TX,US,Imperial College,London,United Kingdom
1969,643,Samuel,Beckett,literature,1,"""for his writing which - in new forms for the novel and drama - in the destitution of modern man acquires its elevation""",643,male,13/04/1906,Ireland,Dublin,IE,22/12/1989,France,Paris,FR,,,
1969,677,Ragnar,Frisch,economics,2,"""for having developed and applied dynamic models for the analysis of economic processes""",677,male,1895-03-03,Norway,Oslo,NO,31/01/1973,Norway,Oslo,NO,University of Oslo,Oslo,Norway
1969,90,Murray,Gell-Mann,physics,1,"""for his contributions and discoveries concerning the classification of elementary particles and their interactions""",90,male,15/09/1929,USA,New York NY,US,24/05/2019,USA,Santa Fe NM,US,California Institute of Technology (Caltech),Pasadena CA,USA
1969,678,Jan,Tinbergen,economics,2,"""for having developed and applied dynamic models for the analysis of economic processes""",678,male,12/04/1903,the Netherlands,the Hague,NL,09/06/1994,the Netherlands,the Hague,NL,The Netherlands School of Economics,Rotterdam,the Netherlands
1969,527,International Labour Organization,,peace,1,"""for creating international legislation insuring certain norms for working conditions in every country""",527,org,1919-00-00,,,,0000-00-00,,,,,,
1969,393,Salvador E.,Luria,medicine,3,"""for their discoveries concerning the replication mechanism and the genetic structure of viruses""",393,male,13/08/1912,Italy,Turin,IT,06/02/1991,USA,Lexington MA,US,Massachusetts Institute of Technology (MIT),Cambridge MA,USA
1969,392,Alfred D.,Hershey,medicine,3,"""for their discoveries concerning the replication mechanism and the genetic structure of viruses""",392,male,04/12/1908,USA,Owosso MI,US,22/05/1997,USA,Syosset NY,US,Carnegie Institution of Washington,Long Island New York NY,USA
1969,391,Max,Delbrück,medicine,3,"""for their discoveries concerning the replication mechanism and the genetic structure of viruses""",391,male,04/09/1906,Germany,Berlin,DE,09/03/1981,USA,Pasadena CA,US,California Institute of Technology (Caltech),Pasadena CA,USA
1969,238,Odd,Hassel,chemistry,2,"""for their contributions to the development of the concept of conformation and its application in chemistry""",238,male,1897-05-17,Norway,Kristiania (now Oslo),NO,11/05/1981,Norway,Oslo,NO,University of Oslo,Oslo,Norway
1970,91,Hannes,Alfvén,physics,2,"""for fundamental work and discoveries in magnetohydro-dynamics with fruitful applications in different parts of plasma physics""",91,male,30/05/1908,Sweden,Norrköping,SE,02/04/1995,Sweden,Djursholm,SE,Royal Institute of Technology,Stockholm,Sweden
1970,92,Louis,Néel,physics,2,"""for fundamental work and discoveries concerning antiferromagnetism and ferrimagnetism which have led to important applications in solid state physics""",92,male,22/11/1904,France,Lyon,FR,17/11/2000,France,Brive-Corrèze,FR,University of Grenoble,Grenoble,France
1970,528,Norman,Borlaug,peace,1,"""for having given a well-founded hope - the green revolution""",528,male,25/03/1914,USA,Cresco IA,US,12/09/2009,USA,Dallas TX,US,,,
1970,239,Luis,Leloir,chemistry,1,"""for his discovery of sugar nucleotides and their role in the biosynthesis of carbohydrates""",239,male,06/09/1906,France,Paris,FR,02/12/1987,Argentina,Buenos Aires,AR,Institute for Biochemical Research,Buenos Aires,Argentina
1970,644,Alexandr,Solzhenitsyn,literature,1,"""for the ethical force with which he has pursued the indispensable traditions of Russian literature""",644,male,11/12/1918,Russia,Kislovodsk,RU,03/08/2008,Russia,Troitse-Lykovo,RU,,,
1970,679,Paul A.,Samuelson,economics,1,"""for the scientific work through which he has developed static and dynamic economic theory and actively contributed to raising the level of analysis in economic science""",679,male,15/05/1915,USA,Gary IN,US,13/12/2009,USA,Belmont MA,US,Massachusetts Institute of Technology (MIT),Cambridge MA,USA
1970,396,Julius,Axelrod,medicine,3,"""for their discoveries concerning the humoral transmitters in the nerve terminals and the mechanism for their storage release and inactivation""",396,male,30/05/1912,USA,New York NY,US,29/12/2004,USA,Rockville MD,US,National Institutes of Health,Bethesda MD,USA
1970,395,Ulf,von Euler,medicine,3,"""for their discoveries concerning the humoral transmitters in the nerve terminals and the mechanism for their storage release and inactivation""",395,male,07/02/1905,Sweden,Stockholm,SE,09/03/1983,Sweden,Stockholm,SE,Karolinska Institutet,Stockholm,Sweden
1970,394,Sir Bernard,Katz,medicine,3,"""for their discoveries concerning the humoral transmitters in the nerve terminals and the mechanism for their storage release and inactivation""",394,male,26/03/1911,Germany,Leipzig,DE,20/04/2003,United Kingdom,London,GB,University College,London,United Kingdom
1971,529,Willy,Brandt,peace,1,"""for paving the way for a meaningful dialogue between East and West""",529,male,18/12/1913,Germany,Lübeck,DE,08/10/1992,Germany,Unkel,DE,,,
1971,93,Dennis,Gabor,physics,1,"""for his invention and development of the holographic method""",93,male,05/06/1900,Hungary,Budapest,HU,08/02/1979,United Kingdom,London,GB,Imperial College,London,United Kingdom
1971,680,Simon,Kuznets,economics,1,"""for his empirically founded interpretation of economic growth which has led to new and deepened insight into the economic and social structure and process of development""",680,male,30/04/1901,Russian Empire (now Belarus),Pinsk,BY,08/07/1985,USA,Cambridge MA,US,Harvard University,Cambridge MA,USA
1971,240,Gerhard,Herzberg,chemistry,1,"""for his contributions to the knowledge of electronic structure and geometry of molecules particularly free radicals""",240,male,25/12/1904,Germany,Hamburg,DE,03/03/1999,Canada,Ottawa,CA,National Research Council of Canada,Ottawa,Canada
1971,397,Earl W.,Sutherland Jr.,medicine,1,"""for his discoveries concerning the mechanisms of the action of hormones""",397,male,19/11/1915,USA,Burlingame KS,US,09/03/1974,USA,Miami FL,US,Vanderbilt University,Nashville TN,USA
1971,645,Pablo,Neruda,literature,1,"""for a poetry that with the action of an elemental force brings alive a continent's destiny and dreams""",645,male,12/07/1904,Chile,Parral,CL,23/09/1973,Chile,Santiago,CL,,,
1972,647,Heinrich,Böll,literature,1,"""for his writing which through its combination of a broad perspective on his time and a sensitive skill in characterization has contributed to a renewal of German literature""",647,male,21/12/1917,Germany,Cologne,DE,16/07/1985,West Germany (now Germany),Bornheim-Merten,DE,,,
1972,398,Gerald M.,Edelman,medicine,2,"""for their discoveries concerning the chemical structure of antibodies""",398,male,01/07/1929,USA,New York NY,US,17/05/2014,USA,La Jolla CA,US,Rockefeller University,New York NY,USA
1972,95,Leon N.,Cooper,physics,3,"""for their jointly developed theory of superconductivity usually called the BCS-theory""",95,male,28/02/1930,USA,New York NY,US,0000-00-00,,,,Brown University,Providence RI,USA
1972,242,Stanford,Moore,chemistry,4,"""for their contribution to the understanding of the connection between chemical structure and catalytic activity of the active centre of the ribonuclease molecule""",242,male,04/09/1913,USA,Chicago IL,US,23/08/1982,USA,New York NY,US,Rockefeller University,New York NY,USA
1972,241,Christian,Anfinsen,chemistry,2,"""for his work on ribonuclease especially concerning the connection between the amino acid sequence and the biologically active conformation""",241,male,26/03/1916,USA,Monessen PA,US,14/05/1995,USA,Randallstown MD,US,National Institutes of Health,Bethesda MD,USA
1972,243,William H.,Stein,chemistry,4,"""for their contribution to the understanding of the connection between chemical structure and catalytic activity of the active centre of the ribonuclease molecule""",243,male,25/06/1911,USA,New York NY,US,02/02/1980,USA,New York NY,US,Rockefeller University,New York NY,USA
1972,66,John,Bardeen,physics,3,"""for their jointly developed theory of superconductivity usually called the BCS-theory""",66,male,23/05/1908,USA,Madison WI,US,30/01/1991,USA,Boston MA,US,University of Illinois,Urbana IL,USA
1972,66,John,Bardeen,physics,3,"""for their jointly developed theory of superconductivity usually called the BCS-theory""",66,male,23/05/1908,USA,Madison WI,US,30/01/1991,USA,Boston MA,US,University of Illinois,Urbana IL,USA
1972,682,Kenneth J.,Arrow,economics,2,"""for their pioneering contributions to general economic equilibrium theory and welfare theory""",682,male,23/08/1921,USA,New York NY,US,21/02/2017,USA,Palo Alto CA,US,Harvard University,Cambridge MA,USA
1972,681,John R.,Hicks,economics,2,"""for their pioneering contributions to general economic equilibrium theory and welfare theory""",681,male,08/04/1904,United Kingdom,Warwick,GB,20/05/1989,United Kingdom,Blockley,GB,All Souls College,Oxford,United Kingdom
1972,96,Robert,Schrieffer,physics,3,"""for their jointly developed theory of superconductivity usually called the BCS-theory""",96,male,31/05/1931,USA,Oak Park IL,US,27/07/2019,USA,Tallahassee FL,US,University of Pennsylvania,Philadelphia PA,USA
1972,399,Rodney R.,Porter,medicine,2,"""for their discoveries concerning the chemical structure of antibodies""",399,male,08/10/1917,United Kingdom,Newton-le-Willows,GB,06/09/1985,United Kingdom,Winchester,GB,University of Oxford,Oxford,United Kingdom
1973,99,Brian D.,Josephson,physics,2,"""for his theoretical predictions of the properties of a supercurrent through a tunnel barrier in particular those phenomena which are generally known as the Josephson effects""",99,male,04/01/1940,United Kingdom,Cardiff,GB,0000-00-00,,,,University of Cambridge,Cambridge,United Kingdom
1973,244,Ernst Otto,Fischer,chemistry,2,"""for their pioneering work performed independently on the chemistry of the organometallic so called sandwich compounds""",244,male,10/11/1918,Germany,Munich,DE,23/07/2007,Germany,Munich,DE,Technical University,Munich,Germany
1973,245,Geoffrey,Wilkinson,chemistry,2,"""for their pioneering work performed independently on the chemistry of the organometallic so called sandwich compounds""",245,male,14/07/1921,United Kingdom,Todmorden,GB,26/09/1996,United Kingdom,London,GB,Imperial College,London,United Kingdom
1973,531,Le Duc Tho,,peace,2,"""for jointly having negotiated a cease fire in Vietnam in 1973""",531,male,14/10/1911,Vietnam,Nam Ha province,VN,13/10/1990,Vietnam,Hanoi,VN,,,
1973,683,Wassily,Leontief,economics,1,"""for the development of the input-output method and for its application to important economic problems""",683,male,05/08/1906,Russia,St. Petersburg,RU,05/02/1999,USA,New York NY,US,Harvard University,Cambridge MA,USA
1973,401,Konrad,Lorenz,medicine,3,"""for their discoveries concerning organization and elicitation of individual and social behaviour patterns""",401,male,07/11/1903,Austria,Vienna,AT,27/02/1989,Austria,Vienna,AT,Konrad-Lorenz-Institut der Österreichischen Akademie der Wissen­schaften Forschungsstelle für Ethologie,Altenberg; Grünau im Almtal,Austria
1973,97,Leo,Esaki,physics,4,"""for their experimental discoveries regarding tunneling phenomena in semiconductors and superconductors respectively""",97,male,12/03/1925,Japan,Osaka,JP,0000-00-00,,,,IBM Thomas J. Watson Research Center,Yorktown Heights NY,USA
1973,98,Ivar,Giaever,physics,4,"""for their experimental discoveries regarding tunneling phenomena in semiconductors and superconductors respectively""",98,male,05/04/1929,Norway,Bergen,NO,0000-00-00,,,,General Electric Company,Schenectady NY,USA
1973,400,Karl,von Frisch,medicine,3,"""for their discoveries concerning organization and elicitation of individual and social behaviour patterns""",400,male,1886-11-20,Austria,Vienna,AT,12/06/1982,West Germany (now Germany),Munich,DE,Zoologisches Institut der Universität München,Munich,Germany
1973,648,Patrick,White,literature,1,"""for an epic and psychological narrative art which has introduced a new continent into literature""",648,male,28/05/1912,United Kingdom,London,GB,30/09/1990,Australia,Sydney,AU,,,
1973,530,Henry,Kissinger,peace,2,"""for jointly having negotiated a cease fire in Vietnam in 1973""",530,male,27/05/1923,Germany,Fürth,DE,0000-00-00,,,,,,
1973,402,Nikolaas,Tinbergen,medicine,3,"""for their discoveries concerning organization and elicitation of individual and social behaviour patterns""",402,male,15/04/1907,the Netherlands,the Hague,NL,21/12/1988,United Kingdom,Oxford,GB,University of Oxford,Oxford,United Kingdom
1974,246,Paul J.,Flory,chemistry,1,"""for his fundamental achievements both theoretical and experimental in the physical chemistry of the macromolecules""",246,male,19/06/1910,USA,Sterling IL,US,08/09/1985,USA,Big Sur CA,US,Stanford University,Stanford CA,USA
1974,649,Eyvind,Johnson,literature,2,"""for a narrative art far-seeing in lands and ages in the service of freedom""",649,male,29/07/1900,Sweden,Svartbjörnsbyn,SE,25/08/1976,Sweden,Stockholm,SE,,,
1974,684,Gunnar,Myrdal,economics,2,"""for their pioneering work in the theory of money and economic fluctuations and for their penetrating analysis of the interdependence of economic social and institutional phenomena""",684,male,1898-12-06,Sweden,Skattungbyn,SE,17/05/1987,Sweden,Stockholm,SE,,,
1974,650,Harry,Martinson,literature,2,"""for writings that catch the dewdrop and reflect the cosmos""",650,male,06/05/1904,Sweden,Jämshög,SE,11/02/1978,Sweden,Stockholm,SE,,,
1974,404,Christian,de Duve,medicine,3,"""for their discoveries concerning the structural and functional organization of the cell""",404,male,02/10/1917,United Kingdom,Thames Ditton,GB,04/05/2013,Belgium,Nethen,BE,Rockefeller University,New York NY,USA
1974,101,Antony,Hewish,physics,2,"""for their pioneering research in radio astrophysics: Ryle for his observations and inventions in particular of the aperture synthesis technique and Hewish for his decisive role in the discovery of pulsars""",101,male,11/05/1924,United Kingdom,Fowey,GB,13/09/2021,,,,University of Cambridge,Cambridge,United Kingdom
1974,100,Martin,Ryle,physics,2,"""for their pioneering research in radio astrophysics: Ryle for his observations and inventions in particular of the aperture synthesis technique and Hewish for his decisive role in the discovery of pulsars""",100,male,27/09/1918,United Kingdom,Brighton,GB,14/10/1984,United Kingdom,Cambridge,GB,University of Cambridge,Cambridge,United Kingdom
1974,405,George E.,Palade,medicine,3,"""for their discoveries concerning the structural and functional organization of the cell""",405,male,19/11/1912,Romania,Iasi,RO,07/10/2008,USA,Del Mar CA,US,Yale University School of Medicine,New Haven CT,USA
1974,533,Eisaku,Sato,peace,2,"""for his contribution to stabilize conditions in the Pacific rim area and for signing the Nuclear Non-Proliferation Treaty""",533,male,27/03/1901,Japan,Tabuse,JP,03/06/1975,Japan,Tokyo,JP,,,
1974,532,Seán,MacBride,peace,2,"""for his efforts to secure and develop human rights throughout the world""",532,male,26/01/1904,France,Paris,FR,15/01/1988,Ireland,Dublin,IE,,,
1974,685,Friedrich,von Hayek,economics,2,"""for their pioneering work in the theory of money and economic fluctuations and for their penetrating analysis of the interdependence of economic social and institutional phenomena""",685,male,1899-05-08,Austria,Vienna,AT,23/03/1992,Germany,Freiburg,DE,,,
1974,403,Albert,Claude,medicine,3,"""for their discoveries concerning the structural and functional organization of the cell""",403,male,1898-08-24,Belgium,Longlier,BE,22/05/1983,Belgium,Brussels,BE,Université Catholique de Louvain,Louvain,Belgium
1975,247,John,Cornforth,chemistry,2,"""for his work on the stereochemistry of enzyme-catalyzed reactions""",247,male,07/09/1917,Australia,Sydney,AU,08/12/2013,,,,University of Sussex,Brighton,United Kingdom
1975,248,Vladimir,Prelog,chemistry,2,"""for his research into the stereochemistry of organic molecules and reactions""",248,male,23/07/1906,Austria-Hungary (now Bosnia and Herzegovina),Sarajevo,BA,07/01/1998,Switzerland,Zurich,CH,Eidgenössische Technische Hochschule (Swiss Federal Institute of Technology),Zurich,Switzerland
1975,408,Howard M.,Temin,medicine,3,"""for their discoveries concerning the interaction between tumour viruses and the genetic material of the cell""",408,male,10/12/1934,USA,Philadelphia PA,US,09/02/1994,USA,Madison WI,US,University of Wisconsin,Madison WI,USA
1975,102,Aage N.,Bohr,physics,3,"""for the discovery of the connection between collective motion and particle motion in atomic nuclei and the development of the theory of the structure of the atomic nucleus based on this connection""",102,male,19/06/1922,Denmark,Copenhagen,DK,08/09/2009,Denmark,Copenhagen,DK,Niels Bohr Institute,Copenhagen,Denmark
1975,103,Ben R.,Mottelson,physics,3,"""for the discovery of the connection between collective motion and particle motion in atomic nuclei and the development of the theory of the structure of the atomic nucleus based on this connection""",103,male,09/07/1926,USA,Chicago IL,US,13/05/2022,,,,Nordita,Copenhagen,Denmark
1975,104,James,Rainwater,physics,3,"""for the discovery of the connection between collective motion and particle motion in atomic nuclei and the development of the theory of the structure of the atomic nucleus based on this connection""",104,male,09/12/1917,USA,Council ID,US,31/03/1986,USA,Yonkers NY,US,Columbia University,New York NY,USA
1975,687,Tjalling C.,Koopmans,economics,2,"""for their contributions to the theory of optimum allocation of resources""",687,male,28/08/1910,the Netherlands,'s Graveland,NL,26/02/1985,USA,New Haven CT,US,Yale University,New Haven CT,USA
1975,686,Leonid Vitaliyevich,Kantorovich,economics,2,"""for their contributions to the theory of optimum allocation of resources""",686,male,19/01/1912,Russian Empire (now Russia),St. Petersburg,RU,07/04/1986,USSR (now Russia),Moscow,RU,Academy of Sciences,Moscow,USSR (now Russia)
1975,651,Eugenio,Montale,literature,1,"""for his distinctive poetry which with great artistic sensitivity has interpreted human values under the sign of an outlook on life with no illusions""",651,male,1896-10-12,Italy,Genoa,IT,12/09/1981,Italy,Milan,IT,,,
1975,406,David,Baltimore,medicine,3,"""for their discoveries concerning the interaction between tumour viruses and the genetic material of the cell""",406,male,07/03/1938,USA,New York NY,US,0000-00-00,,,,Massachusetts Institute of Technology (MIT),Cambridge MA,USA
1975,407,Renato,Dulbecco,medicine,3,"""for their discoveries concerning the interaction between tumour viruses and the genetic material of the cell""",407,male,22/02/1914,Italy,Catanzaro,IT,19/02/2012,USA,La Jolla CA,US,Imperial Cancer Research Fund Laboratory,London,United Kingdom
1975,534,Andrei,Sakharov,peace,1,"""for his struggle for human rights in the Soviet Union for disarmament and cooperation between all nations""",534,male,21/05/1921,Russia,Moscow,RU,14/12/1989,USSR (now Russia),Moscow,RU,,,
1976,688,Milton,Friedman,economics,1,"""for his achievements in the fields of consumption analysis monetary history and theory and for his demonstration of the complexity of stabilization policy""",688,male,31/07/1912,USA,Brooklyn NY,US,16/11/2006,USA,San Francisco CA,US,University of Chicago,Chicago IL,USA
1976,249,William,Lipscomb,chemistry,1,"""for his studies on the structure of boranes illuminating problems of chemical bonding""",249,male,09/12/1919,USA,Cleveland OH,US,14/04/2011,USA,Cambridge MA,US,Harvard University,Cambridge MA,USA
1976,536,Mairead,Corrigan,peace,2,"""for the courageous efforts in founding a movement to put an end to the violent conflict in Northern Ireland""",536,female,27/01/1944,Northern Ireland,Belfast,GB,0000-00-00,,,,,,
1976,105,Burton,Richter,physics,2,"""for their pioneering work in the discovery of a heavy elementary particle of a new kind""",105,male,22/03/1931,USA,Brooklyn NY,US,18/07/2018,USA,Stanford CA,US,Stanford Linear Accelerator Center,Stanford CA,USA
1976,106,Samuel C.C.,Ting,physics,2,"""for their pioneering work in the discovery of a heavy elementary particle of a new kind""",106,male,27/01/1936,USA,Ann Arbor MI,US,0000-00-00,,,,Massachusetts Institute of Technology (MIT),Cambridge MA,USA
1976,409,Baruch S.,Blumberg,medicine,2,"""for their discoveries concerning new mechanisms for the origin and dissemination of infectious diseases""",409,male,28/07/1925,USA,New York NY,US,05/04/2011,USA,Moffett Field CA,US,The Institute for Cancer Research,Philadelphia PA,USA
1976,410,D. Carleton,Gajdusek,medicine,2,"""for their discoveries concerning new mechanisms for the origin and dissemination of infectious diseases""",410,male,09/09/1923,USA,Yonkers NY,US,12/12/2008,Norway,Tromsø,NO,National Institutes of Health,Bethesda MD,USA
1976,535,Betty,Williams,peace,2,"""for the courageous efforts in founding a movement to put an end to the violent conflict in Northern Ireland""",535,female,22/05/1943,Northern Ireland,Belfast,GB,17/03/2020,Northern Ireland,Belfast,GB,,,
1976,652,Saul,Bellow,literature,1,"""for the human understanding and subtle analysis of contemporary culture that are combined in his work""",652,male,10/06/1915,Canada,Montreal,CA,05/04/2005,USA,Brookline MA,US,,,
1977,107,Philip W.,Anderson,physics,3,"""for their fundamental theoretical investigations of the electronic structure of magnetic and disordered systems""",107,male,13/12/1923,USA,Indianapolis IN,US,29/03/2020,USA,Princeton NJ,US,Bell Telephone Laboratories,Murray Hill NJ,USA
1977,690,James E.,Meade,economics,2,"""for their pathbreaking contribution to the theory of international trade and international capital movements""",690,male,23/06/1907,United Kingdom,Swanage,GB,22/12/1995,United Kingdom,Cambridge,GB,University of Cambridge,Cambridge,United Kingdom
1977,689,Bertil,Ohlin,economics,2,"""for their pathbreaking contribution to the theory of international trade and international capital movements""",689,male,1899-04-23,Sweden,Klippan,SE,03/08/1979,Sweden,Vålådalen,SE,Stockholm School of Economics,Stockholm,Sweden
1977,108,Sir Nevill F.,Mott,physics,3,"""for their fundamental theoretical investigations of the electronic structure of magnetic and disordered systems""",108,male,30/09/1905,United Kingdom,Leeds,GB,08/08/1996,United Kingdom,Milton Keynes,GB,University of Cambridge,Cambridge,United Kingdom
1977,109,John H.,Van Vleck,physics,3,"""for their fundamental theoretical investigations of the electronic structure of magnetic and disordered systems""",109,male,1899-03-13,USA,Middletown CT,US,27/10/1980,USA,Cambridge MA,US,Harvard University,Cambridge MA,USA
1977,412,Andrew V.,Schally,medicine,4,"""for their discoveries concerning the peptide hormone production of the brain""",412,male,30/11/1926,Poland (now Lithuania),Wilno (now Vilnius),LT,0000-00-00,,,,Veterans Administration Hospital,New Orleans LA,USA
1977,413,Rosalyn,Yalow,medicine,2,"""for the development of radioimmunoassays of peptide hormones""",413,female,19/07/1921,USA,New York NY,US,30/05/2011,USA,New York NY,US,Veterans Administration Hospital,Bronx NY,USA
1977,250,Ilya,Prigogine,chemistry,1,"""for his contributions to non-equilibrium thermodynamics particularly the theory of dissipative structures""",250,male,25/01/1917,Russia,Moscow,RU,28/05/2003,Belgium,Brussels,BE,Université Libre de Bruxelles,Brussels,Belgium
1977,411,Roger,Guillemin,medicine,4,"""for their discoveries concerning the peptide hormone production of the brain""",411,male,11/01/1924,France,Dijon,FR,0000-00-00,,,,The Salk Institute,San Diego CA,USA
1977,537,Amnesty International,,peace,1,"""for worldwide respect for human rights""",537,org,1961-00-00,,,,0000-00-00,,,,,,
1977,653,Vicente,Aleixandre,literature,1,"""for a creative poetic writing which illuminates man's condition in the cosmos and in present-day society at the same time representing the great renewal of the traditions of Spanish poetry between the wars""",653,male,1898-04-26,Spain,Sevilla,ES,14/12/1984,Spain,Madrid,ES,,,
1978,538,Anwar,al-Sadat,peace,2,"""for jointly having negotiated peace between Egypt and Israel in 1978""",538,male,25/12/1918,Egypt,Mit Abu al-Kawm,EG,06/10/1981,Egypt,Cairo,EG,,,
1978,539,Menachem,Begin,peace,2,"""for jointly having negotiated peace between Egypt and Israel in 1978""",539,male,16/08/1913,Russian Empire (now Belarus),Brest Litovsk,BY,09/03/1992,Israel,Tel Aviv,IL,,,
1978,111,Arno,Penzias,physics,4,"""for their discovery of cosmic microwave background radiation""",111,male,26/04/1933,Germany,Munich,DE,0000-00-00,,,,Bell Laboratories,Holmdel NJ,USA
1978,416,Hamilton O.,Smith,medicine,3,"""for the discovery of restriction enzymes and their application to problems of molecular genetics""",416,male,23/08/1931,USA,New York NY,US,0000-00-00,,,,Johns Hopkins University School of Medicine,Baltimore MD,USA
1978,415,Daniel,Nathans,medicine,3,"""for the discovery of restriction enzymes and their application to problems of molecular genetics""",415,male,30/10/1928,USA,Wilmington DE,US,16/11/1999,USA,Baltimore MD,US,Johns Hopkins University School of Medicine,Baltimore MD,USA
1978,414,Werner,Arber,medicine,3,"""for the discovery of restriction enzymes and their application to problems of molecular genetics""",414,male,03/06/1929,Switzerland,Gränichen,CH,0000-00-00,,,,Biozentrum der Universität,Basel,Switzerland
1978,112,Robert Woodrow,Wilson,physics,4,"""for their discovery of cosmic microwave background radiation""",112,male,10/01/1936,USA,Houston TX,US,0000-00-00,,,,Bell Laboratories,Holmdel NJ,USA
1978,654,Isaac Bashevis,Singer,literature,1,"""for his impassioned narrative art which with roots in a Polish-Jewish cultural tradition brings universal human conditions to life""",654,male,14/07/1904,Russian Empire (now Poland),Leoncin,PL,24/07/1991,USA,Surfside FL,US,,,
1978,691,Herbert,Simon,economics,1,"""for his pioneering research into the decision-making process within economic organizations""",691,male,15/06/1916,USA,Milwaukee WI,US,09/02/2001,USA,Pittsburgh PA,US,Carnegie Mellon University,Pittsburgh PA,USA
1978,110,Pyotr,Kapitsa,physics,2,"""for his basic inventions and discoveries in the area of low-temperature physics""",110,male,1894-07-09,Russian Empire (now Russia),Kronshtadt,RU,08/04/1984,USSR (now Russia),Moscow,RU,Academy of Sciences,Moscow,USSR (now Russia)
1978,251,Peter,Mitchell,chemistry,1,"""for his contribution to the understanding of biological energy transfer through the formulation of the chemiosmotic theory""",251,male,29/09/1920,United Kingdom,Mitcham,GB,10/04/1992,United Kingdom,Bodmin,GB,Glynn Research Laboratories,Bodmin,United Kingdom
1979,253,Georg,Wittig,chemistry,2,"""for their development of the use of boron- and phosphorus-containing compounds respectively into important reagents in organic synthesis""",253,male,1897-06-16,Germany,Berlin,DE,26/08/1987,West Germany (now Germany),Heidelberg,DE,University of Heidelberg,Heidelberg,Germany
1979,692,Theodore W.,Schultz,economics,2,"""for their pioneering research into economic development research with particular consideration of the problems of developing countries""",692,male,30/04/1902,USA,Arlington SD,US,26/02/1998,USA,Evanston IL,US,University of Chicago,Chicago IL,USA
1979,693,Sir Arthur,Lewis,economics,2,"""for their pioneering research into economic development research with particular consideration of the problems of developing countries""",693,male,23/01/1915,British West Indies (now Saint Lucia),Castries,LC,15/06/1991,Barbados,Bridgetown,BB,Princeton University,Princeton NJ,USA
1979,540,Anjezë Gonxhe,Bojaxhiu,peace,1,"""for her work for bringing help to suffering humanity""",540,female,26/08/1910,Ottoman Empire (now North Macedonia),Uskup (now Skopje),MK,05/09/1997,India,Calcutta,IN,,,
1979,252,Herbert C.,Brown,chemistry,2,"""for their development of the use of boron- and phosphorus-containing compounds respectively into important reagents in organic synthesis""",252,male,22/05/1912,United Kingdom,London,GB,19/12/2004,USA,Lafayette IN,US,Purdue University,West Lafayette IN,USA
1979,113,Sheldon,Glashow,physics,3,"""for their contributions to the theory of the unified weak and electromagnetic interaction between elementary particles including inter alia the prediction of the weak neutral current""",113,male,05/12/1932,USA,New York NY,US,0000-00-00,,,,Harvard University Lyman Laboratory,Cambridge MA,USA
1979,115,Steven,Weinberg,physics,3,"""for their contributions to the theory of the unified weak and electromagnetic interaction between elementary particles including inter alia the prediction of the weak neutral current""",115,male,03/05/1933,USA,New York NY,US,23/07/2021,USA,Austin TX,US,Harvard University,Cambridge MA,USA
1979,418,Godfrey N.,Hounsfield,medicine,2,"""for the development of computer assisted tomography""",418,male,28/08/1919,United Kingdom,Newark,GB,12/08/2004,United Kingdom,Kingston upon Thames,GB,Central Research Laboratories EMI,London,United Kingdom
1979,417,Allan M.,Cormack,medicine,2,"""for the development of computer assisted tomography""",417,male,23/02/1924,South Africa,Johannesburg,ZA,07/05/1998,USA,Winchester MA,US,Tufts University,Medford MA,USA
1979,655,Odysseus,Elytis,literature,1,"""for his poetry which against the background of Greek tradition depicts with sensuous strength and intellectual clear-sightedness modern man's struggle for freedom and creativeness""",655,male,02/11/1911,Crete (now Greece),Iráklion,GR,18/03/1996,Greece,Athens,GR,,,
1979,114,Abdus,Salam,physics,3,"""for their contributions to the theory of the unified weak and electromagnetic interaction between elementary particles including inter alia the prediction of the weak neutral current""",114,male,29/01/1926,India (now Pakistan),Jhang Maghiāna,PK,21/11/1996,United Kingdom,Oxford,GB,International Centre for Theoretical Physics,Trieste,Italy
1980,222,Frederick,Sanger,chemistry,4,"""for their contributions concerning the determination of base sequences in nucleic acids""",222,male,13/08/1918,United Kingdom,Rendcombe,GB,19/11/2013,United Kingdom,Cambridge,GB,University of Cambridge,Cambridge,United Kingdom
1980,222,Frederick,Sanger,chemistry,4,"""for their contributions concerning the determination of base sequences in nucleic acids""",222,male,13/08/1918,United Kingdom,Rendcombe,GB,19/11/2013,United Kingdom,Cambridge,GB,MRC Laboratory of Molecular Biology,Cambridge,United Kingdom
1980,420,Jean,Dausset,medicine,3,"""for their discoveries concerning genetically determined structures on the cell surface that regulate immunological reactions""",420,male,19/10/1916,France,Toulouse,FR,06/06/2009,Spain,Palma Majorca,ES,Université de Paris Laboratoire Immuno-Hématologie,Paris,France
1980,419,Baruj,Benacerraf,medicine,3,"""for their discoveries concerning genetically determined structures on the cell surface that regulate immunological reactions""",419,male,29/10/1920,Venezuela,Caracas,VE,02/08/2011,USA,Boston MA,US,Harvard Medical School,Boston MA,USA
1980,694,Lawrence R.,Klein,economics,1,"""for the creation of econometric models and the application to the analysis of economic fluctuations and economic policies""",694,male,14/09/1920,USA,Omaha NE,US,20/10/2013,USA,Gladwyne PA,US,University of Pennsylvania,Philadelphia PA,USA
1980,254,Paul,Berg,chemistry,2,"""for his fundamental studies of the biochemistry of nucleic acids with particular regard to recombinant-DNA""",254,male,30/06/1926,USA,New York NY,US,15/02/2023,USA,Stanford CA,US,Stanford University,Stanford CA,USA
1980,541,Adolfo,Pérez Esquivel,peace,1,"""for being a source of inspiration to repressed people especially in Latin America""",541,male,26/11/1931,Argentina,Buenos Aires,AR,0000-00-00,,,,,,
1980,255,Walter,Gilbert,chemistry,4,"""for their contributions concerning the determination of base sequences in nucleic acids""",255,male,21/03/1932,USA,Boston MA,US,0000-00-00,,,,Harvard University Biological Laboratories,Cambridge MA,USA
1980,117,Val,Fitch,physics,2,"""for the discovery of violations of fundamental symmetry principles in the decay of neutral K-mesons""",117,male,10/03/1923,USA,Merriman NE,US,05/02/2015,USA,Princeton NJ,US,Princeton University,Princeton NJ,USA
1980,116,James,Cronin,physics,2,"""for the discovery of violations of fundamental symmetry principles in the decay of neutral K-mesons""",116,male,29/09/1931,USA,Chicago IL,US,25/08/2016,USA,St. Paul MN,US,University of Chicago,Chicago IL,USA
1980,657,Czeslaw,Milosz,literature,1,"""who with uncompromising clear-sightedness voices man's exposed condition in a world of severe conflicts""",657,male,30/06/1911,Russian Empire (now Lithuania),Śeteniai,LT,14/08/2004,Poland,Kraków,PL,,,
1980,421,George D.,Snell,medicine,3,"""for their discoveries concerning genetically determined structures on the cell surface that regulate immunological reactions""",421,male,19/12/1903,USA,Bradford MA,US,06/06/1996,USA,Bar Harbor ME,US,Jackson Laboratory,Bar Harbor ME,USA
1981,695,James,Tobin,economics,1,"""for his analysis of financial markets and their relations to expenditure decisions employment production and prices""",695,male,05/03/1918,USA,Champaign IL,US,11/03/2002,USA,New Haven CT,US,Yale University,New Haven CT,USA
1981,658,Elias,Canetti,literature,1,"""for writings marked by a broad outlook a wealth of ideas and artistic power""",658,male,25/07/1905,Bulgaria,Ruse,BG,14/08/1994,Switzerland,Zurich,CH,,,
1981,423,David H.,Hubel,medicine,4,"""for their discoveries concerning information processing in the visual system""",423,male,27/02/1926,Canada,Windsor ON,CA,22/09/2013,USA,Lincoln MA,US,Harvard Medical School,Boston MA,USA
1981,118,Nicolaas,Bloembergen,physics,4,"""for their contribution to the development of laser spectroscopy""",118,male,11/03/1920,the Netherlands,Dordrecht,NL,05/09/2017,USA,Tucson AZ,US,Harvard University,Cambridge MA,USA
1981,515,Office of the United Nations High Commissioner for Refugees,,peace,1,"""for promoting the fundamental rights of refugees""",515,org,14/12/1950,,,,0000-00-00,,,,,,
1981,515,Office of the United Nations High Commissioner for Refugees,,peace,1,"""for promoting the fundamental rights of refugees""",515,org,14/12/1950,,,,0000-00-00,,,,,,
1981,422,Roger W.,Sperry,medicine,2,"""for his discoveries concerning the functional specialization of the cerebral hemispheres""",422,male,20/08/1913,USA,Hartford CT,US,17/04/1994,USA,Pasadena CA,US,California Institute of Technology (Caltech),Pasadena CA,USA
1981,257,Kenichi,Fukui,chemistry,2,"""for their theories developed independently concerning the course of chemical reactions""",257,male,04/10/1918,Japan,Nara,JP,09/01/1998,Japan,Kyoto,JP,Kyoto University,Kyoto,Japan
1981,258,Roald,Hoffmann,chemistry,2,"""for their theories developed independently concerning the course of chemical reactions""",258,male,18/07/1937,Poland (now Ukraine),Zloczov,UA,0000-00-00,,,,Cornell University,Ithaca NY,USA
1981,424,Torsten N.,Wiesel,medicine,4,"""for their discoveries concerning information processing in the visual system""",424,male,03/06/1924,Sweden,Uppsala,SE,0000-00-00,,,,Harvard Medical School,Boston MA,USA
1981,119,Arthur L.,Schawlow,physics,4,"""for their contribution to the development of laser spectroscopy""",119,male,05/05/1921,USA,Mount Vernon NY,US,28/04/1999,USA,Palo Alto CA,US,Stanford University,Stanford CA,USA
1981,120,Kai M.,Siegbahn,physics,2,"""for his contribution to the development of high-resolution electron spectroscopy""",120,male,20/04/1918,Sweden,Lund,SE,20/07/2007,Sweden,Ängelholm,SE,Uppsala University,Uppsala,Sweden
1982,696,George J.,Stigler,economics,1,"""for his seminal studies of industrial structures functioning of markets and causes and effects of public regulation""",696,male,17/01/1911,USA,Renton WA,US,01/12/1991,USA,Chicago IL,US,University of Chicago,Chicago IL,USA
1982,543,Alva,Myrdal,peace,2,"""for their work for disarmament and nuclear and weapon-free zones""",543,female,31/01/1902,Sweden,Uppsala,SE,01/02/1986,Sweden,Stockholm,SE,,,
1982,659,Gabriel,García Márquez,literature,1,"""for his novels and short stories in which the fantastic and the realistic are combined in a richly composed world of imagination reflecting a continent's life and conflicts""",659,male,06/03/1927,Colombia,Aracataca,CO,17/04/2014,Mexico,Mexico City,MX,,,
1982,427,John R.,Vane,medicine,3,"""for their discoveries concerning prostaglandins and related biologically active substances""",427,male,29/03/1927,United Kingdom,Tardebigg,GB,19/11/2004,United Kingdom,Farnborough,GB,The Wellcome Research Laboratories,Beckenham,United Kingdom
1982,259,Aaron,Klug,chemistry,1,"""for his development of crystallographic electron microscopy and his structural elucidation of biologically important nucleic acid-protein complexes""",259,male,11/08/1926,Lithuania,Zelvas,LT,20/11/2018,,,,MRC Laboratory of Molecular Biology,Cambridge,United Kingdom
1982,425,Sune K.,Bergström,medicine,3,"""for their discoveries concerning prostaglandins and related biologically active substances""",425,male,10/01/1916,Sweden,Stockholm,SE,15/08/2004,Sweden,Stockholm,SE,Karolinska Institutet,Stockholm,Sweden
1982,121,Kenneth G.,Wilson,physics,1,"""for his theory for critical phenomena in connection with phase transitions""",121,male,08/06/1936,USA,Waltham MA,US,15/06/2013,USA,Saco ME,US,Cornell University,Ithaca NY,USA
1982,544,Alfonso,García Robles,peace,2,"""for their work for disarmament and nuclear and weapon-free zones""",544,male,20/03/1911,Mexico,Zamora,MX,02/09/1991,Mexico,Mexico City,MX,,,
1982,426,Bengt I.,Samuelsson,medicine,3,"""for their discoveries concerning prostaglandins and related biologically active substances""",426,male,21/05/1934,Sweden,Halmstad,SE,0000-00-00,,,,Karolinska Institutet,Stockholm,Sweden
1983,545,Lech,Walesa,peace,1,"""for non-violent struggle for free trade unions and human rights in Poland""",545,male,29/09/1943,Poland,Popowo,PL,0000-00-00,,,,,,
1983,260,Henry,Taube,chemistry,1,"""for his work on the mechanisms of electron transfer reactions especially in metal complexes""",260,male,30/11/1915,Canada,Neudorf,CA,16/11/2005,USA,Stanford CA,US,Stanford University,Stanford CA,USA
1983,428,Barbara,McClintock,medicine,1,"""for her discovery of mobile genetic elements""",428,female,16/06/1902,USA,Hartford CT,US,02/09/1992,USA,Huntington NY,US,Cold Spring Harbor Laboratory,Cold Spring Harbor NY,USA
1983,697,Gerard,Debreu,economics,1,"""for having incorporated new analytical methods into economic theory and for his rigorous reformulation of the theory of general equilibrium""",697,male,04/07/1921,France,Calais,FR,31/12/2004,France,Paris,FR,University of California,Berkeley CA,USA
1983,660,William,Golding,literature,1,"""for his novels which with the perspicuity of realistic narrative art and the diversity and universality of myth illuminate the human condition in the world of today""",660,male,19/09/1911,United Kingdom,St. Columb Minor,GB,19/06/1993,United Kingdom,Perranarworthal,GB,,,
1983,123,William A.,Fowler,physics,2,"""for his theoretical and experimental studies of the nuclear reactions of importance in the formation of the chemical elements in the universe""",123,male,09/08/1911,USA,Pittsburgh PA,US,14/03/1995,USA,Pasadena CA,US,California Institute of Technology (Caltech),Pasadena CA,USA
1983,122,Subramanyan,Chandrasekhar,physics,2,"""for his theoretical studies of the physical processes of importance to the structure and evolution of the stars""",122,male,19/10/1910,India (now Pakistan),Lahore,PK,21/08/1995,USA,Chicago IL,US,University of Chicago,Chicago IL,USA
1984,429,Niels K.,Jerne,medicine,3,"""for theories concerning the specificity in development and control of the immune system and the discovery of the principle for production of monoclonal antibodies""",429,male,23/12/1911,United Kingdom,London,GB,07/10/1994,France,Castillon-du-Gard,FR,Basel Institute for Immunology,Basel,Switzerland
1984,430,Georges J.F.,Köhler,medicine,3,"""for theories concerning the specificity in development and control of the immune system and the discovery of the principle for production of monoclonal antibodies""",430,male,17/04/1946,Germany,Munich,DE,01/03/1995,Germany,Freiburg im Breisgau,DE,Basel Institute for Immunology,Basel,Switzerland
1984,431,César,Milstein,medicine,3,"""for theories concerning the specificity in development and control of the immune system and the discovery of the principle for production of monoclonal antibodies""",431,male,08/10/1927,Argentina,Bahia Blanca,AR,24/03/2002,United Kingdom,Cambridge,GB,MRC Laboratory of Molecular Biology,Cambridge,United Kingdom
1984,661,Jaroslav,Seifert,literature,1,"""for his poetry which endowed with freshness sensuality and rich inventiveness provides a liberating image of the indomitable spirit and versatility of man""",661,male,23/09/1901,Austria-Hungary (now Czech Republic),Prague,CZ,10/01/1986,Czechoslovakia (now Czech Republic),Prague,CZ,,,
1984,546,Desmond,Tutu,peace,1,"""for his role as a unifying leader figure in the non-violent campaign to resolve the problem of apartheid in South Africa""",546,male,07/10/1931,South Africa,Klerksdorp,ZA,26/12/2021,South Africa,Cape Town,ZA,,,
1984,261,Bruce,Merrifield,chemistry,1,"""for his development of methodology for chemical synthesis on a solid matrix""",261,male,15/07/1921,USA,Fort Worth TX,US,14/05/2006,USA,Cresskill NJ,US,Rockefeller University,New York NY,USA
1984,125,Simon,van der Meer,physics,2,"""for their decisive contributions to the large project which led to the discovery of the field particles W and Z communicators of weak interaction""",125,male,24/11/1925,the Netherlands,the Hague,NL,04/03/2011,Switzerland,Geneva,CH,CERN,Geneva,Switzerland
1984,124,Carlo,Rubbia,physics,2,"""for their decisive contributions to the large project which led to the discovery of the field particles W and Z communicators of weak interaction""",124,male,31/03/1934,Italy,Gorizia,IT,0000-00-00,,,,CERN,Geneva,Switzerland
1984,698,Richard,Stone,economics,1,"""for having made fundamental contributions to the development of systems of national accounts and hence greatly improved the basis for empirical economic analysis""",698,male,30/08/1913,United Kingdom,London,GB,06/12/1991,United Kingdom,Cambridge,GB,University of Cambridge,Cambridge,United Kingdom
1985,547,International Physicians for the Prevention of Nuclear War,,peace,1,"""for spreading authoritative information and by creating awareness of the catastrophic consequences of nuclear war""",547,org,1980-00-00,,,,0000-00-00,,,,,,
1985,126,Klaus,von Klitzing,physics,1,"""for the discovery of the quantized Hall effect""",126,male,28/06/1943,German-occupied Poland (now Poland),Schroda,PL,0000-00-00,,,,Max-Planck-Institut für Festkörperforschung,Stuttgart,Germany
1985,433,Joseph L.,Goldstein,medicine,2,"""for their discoveries concerning the regulation of cholesterol metabolism""",433,male,18/04/1940,USA,Sumter SC,US,0000-00-00,,,,University of Texas Southwestern Medical Center at Dallas,Dallas TX,USA
1985,432,Michael S.,Brown,medicine,2,"""for their discoveries concerning the regulation of cholesterol metabolism""",432,male,13/04/1941,USA,New York NY,US,0000-00-00,,,,University of Texas Southwestern Medical Center at Dallas,Dallas TX,USA
1985,262,Herbert A.,Hauptman,chemistry,2,"""for their outstanding achievements in the development of direct methods for the determination of crystal structures""",262,male,14/02/1917,USA,New York NY,US,23/10/2011,USA,Buffalo NY,US,The Medical Foundation of Buffalo,Buffalo NY,USA
1985,263,Jerome,Karle,chemistry,2,"""for their outstanding achievements in the development of direct methods for the determination of crystal structures""",263,male,18/06/1918,USA,New York NY,US,06/06/2013,USA,Annandale VA,US,US Naval Research Laboratory,Washington D.C.,USA
1985,662,Claude,Simon,literature,1,"""who in his novel combines the poet's and the painter's creativeness with a deepened awareness of time in the depiction of the human condition""",662,male,10/10/1913,Madagascar,Tananarive (now Antananarivo),MG,06/07/2005,France,Paris,FR,,,
1985,699,Franco,Modigliani,economics,1,"""for his pioneering analyses of saving and of financial markets""",699,male,18/06/1918,Italy,Rome,IT,25/09/2003,USA,Cambridge MA,US,Massachusetts Institute of Technology (MIT),Cambridge MA,USA
1986,264,Dudley R.,Herschbach,chemistry,3,"""for their contributions concerning the dynamics of chemical elementary processes""",264,male,18/06/1932,USA,San José CA,US,0000-00-00,,,,Harvard University,Cambridge MA,USA
1986,266,John C.,Polanyi,chemistry,3,"""for their contributions concerning the dynamics of chemical elementary processes""",266,male,23/01/1929,Germany,Berlin,DE,0000-00-00,,,,University of Toronto,Toronto,Canada
1986,128,Gerd,Binnig,physics,4,"""for their design of the scanning tunneling microscope""",128,male,20/07/1947,West Germany (now Germany),Frankfurt-on-the-Main,DE,0000-00-00,,,,IBM Zurich Research Laboratory,Rüschlikon,Switzerland
1986,129,Heinrich,Rohrer,physics,4,"""for their design of the scanning tunneling microscope""",129,male,06/06/1933,Switzerland,Buchs,CH,16/05/2013,Switzerland,Wollerau,CH,IBM Zurich Research Laboratory,Rüschlikon,Switzerland
1986,127,Ernst,Ruska,physics,2,"""for his fundamental work in electron optics and for the design of the first electron microscope""",127,male,25/12/1906,Germany,Heidelberg,DE,27/05/1988,Germany,West Berlin,DE,Fritz-Haber-Institut der Max-Planck-Gesellschaft,Berlin,Germany
1986,265,Yuan T.,Lee,chemistry,3,"""for their contributions concerning the dynamics of chemical elementary processes""",265,male,19/11/1936,Taiwan,Hsinchu,TW,0000-00-00,,,,University of California,Berkeley CA,USA
1986,435,Rita,Levi-Montalcini,medicine,2,"""for their discoveries of growth factors""",435,female,22/04/1909,Italy,Turin,IT,30/12/2012,Italy,Rome,IT,Institute of Cell Biology of the C.N.R.,Rome,Italy
1986,434,Stanley,Cohen,medicine,2,"""for their discoveries of growth factors""",434,male,17/11/1922,USA,Brooklyn NY,US,05/02/2020,USA,Nashville TN,US,Vanderbilt University School of Medicine,Nashville TN,USA
1986,548,Elie,Wiesel,peace,1,"""for being a messenger to mankind: his message is one of peace atonement and dignity""",548,male,30/09/1928,Romania,Sighet,RO,02/07/2016,USA,New York NY,US,,,
1986,663,Wole,Soyinka,literature,1,"""who in a wide cultural perspective and with poetic overtones fashions the drama of existence""",663,male,13/07/1934,Nigeria,Abeokuta,NG,0000-00-00,,,,,,
1986,700,James M.,Buchanan Jr.,economics,1,"""for his development of the contractual and constitutional bases for the theory of economic and political decision-making""",700,male,03/10/1919,USA,Murfreesboro TN,US,09/01/2013,USA,Blacksburg VA,US,Center for Study of Public Choice,Fairfax VA,USA
1987,269,Charles J.,Pedersen,chemistry,3,"""for their development and use of molecules with structure-specific interactions of high selectivity""",269,male,03/10/1904,Korea (now South Korea),Pusan,KR,26/10/1989,USA,Salem NJ,US,Du Pont,Wilmington DE,USA
1987,664,Joseph,Brodsky,literature,1,"""for an all-embracing authorship imbued with clarity of thought and poetic intensity""",664,male,24/05/1940,USSR (now Russia),Leningrad (now St. Petersburg),RU,28/01/1996,USA,New York NY,US,,,
1987,131,K. Alex,Müller,physics,2,"""for their important break-through in the discovery of superconductivity in ceramic materials""",131,male,20/04/1927,Switzerland,Basel,CH,09/01/2023,Switzerland,Zurich,CH,IBM Zurich Research Laboratory,Rüschlikon,Switzerland
1987,268,Jean-Marie,Lehn,chemistry,3,"""for their development and use of molecules with structure-specific interactions of high selectivity""",268,male,30/09/1939,France,Rosheim,FR,0000-00-00,,,,Université Louis Pasteur,Strasbourg,France
1987,130,J. Georg,Bednorz,physics,2,"""for their important break-through in the discovery of superconductivity in ceramic materials""",130,male,16/05/1950,West Germany (now Germany),Neuenkirchen,DE,0000-00-00,,,,IBM Zurich Research Laboratory,Rüschlikon,Switzerland
1987,436,Susumu,Tonegawa,medicine,1,"""for his discovery of the genetic principle for generation of antibody diversity""",436,male,05/09/1939,Japan,Nagoya,JP,0000-00-00,,,,Massachusetts Institute of Technology (MIT),Cambridge MA,USA
1987,701,Robert M.,Solow,economics,1,"""for his contributions to the theory of economic growth""",701,male,23/08/1924,USA,Brooklyn NY,US,0000-00-00,,,,Massachusetts Institute of Technology (MIT),Cambridge MA,USA
1987,549,Oscar,Arias Sánchez,peace,1,"""for his work for lasting peace in Central America""",549,male,13/09/1940,Costa Rica,Heredia,CR,0000-00-00,,,,,,
1987,267,Donald J.,Cram,chemistry,3,"""for their development and use of molecules with structure-specific interactions of high selectivity""",267,male,22/04/1919,USA,Chester VT,US,17/06/2001,USA,Palm Desert CA,US,University of California,Los Angeles CA,USA
1988,550,United Nations Peacekeeping Forces,,peace,1,"""for preventing armed clashes and creating conditions for negotiations""",550,org,1948-00-00,,,,0000-00-00,,,,,,
1988,134,Jack,Steinberger,physics,3,"""for the neutrino beam method and the demonstration of the doublet structure of the leptons through the discovery of the muon neutrino""",134,male,25/05/1921,Germany,Bad Kissingen,DE,12/12/2020,Switzerland,Geneva,CH,CERN,Geneva,Switzerland
1988,133,Melvin,Schwartz,physics,3,"""for the neutrino beam method and the demonstration of the doublet structure of the leptons through the discovery of the muon neutrino""",133,male,02/11/1932,USA,New York NY,US,28/08/2006,USA,Twin Falls ID,US,Digital Pathways Inc.,Mountain View CA,USA
1988,132,Leon M.,Lederman,physics,3,"""for the neutrino beam method and the demonstration of the doublet structure of the leptons through the discovery of the muon neutrino""",132,male,15/07/1922,USA,New York NY,US,03/10/2018,USA,Rexburg ID,US,Fermi National Accelerator Laboratory,Batavia IL,USA
1988,439,George H.,Hitchings,medicine,3,"""for their discoveries of important principles for drug treatment""",439,male,18/04/1905,USA,Hoquiam WA,US,27/02/1998,USA,Chapel Hill NC,US,Wellcome Research Laboratories,Research Triangle Park NC,USA
1988,272,Hartmut,Michel,chemistry,3,"""for the determination of the three-dimensional structure of a photosynthetic reaction centre""",272,male,18/07/1948,West Germany (now Germany),Ludwigsburg,DE,0000-00-00,,,,Max-Planck-Institut für Biophysik,Frankfurt-on-the-Main,Germany
1988,271,Robert,Huber,chemistry,3,"""for the determination of the three-dimensional structure of a photosynthetic reaction centre""",271,male,20/02/1937,Germany,Munich,DE,0000-00-00,,,,Max-Planck-Institut für Biochemie,Martinsried,Germany
1988,270,Johann,Deisenhofer,chemistry,3,"""for the determination of the three-dimensional structure of a photosynthetic reaction centre""",270,male,30/09/1943,Germany,Zusamaltheim,DE,0000-00-00,,,,University of Texas Southwestern Medical Center at Dallas,Dallas TX,USA
1988,665,Naguib,Mahfouz,literature,1,"""who through works rich in nuance - now clear-sightedly realistic now evocatively ambiguous - has formed an Arabian narrative art that applies to all mankind""",665,male,11/12/1911,Egypt,Cairo,EG,30/08/2006,Egypt,Cairo,EG,,,
1988,437,Sir James W.,Black,medicine,3,"""for their discoveries of important principles for drug treatment""",437,male,14/06/1924,Scotland,Uddingston,GB,21/03/2010,,,,London University King's College Hospital Medical School,London,United Kingdom
1988,438,Gertrude B.,Elion,medicine,3,"""for their discoveries of important principles for drug treatment""",438,female,23/01/1918,USA,New York NY,US,21/02/1999,USA,Chapel Hill NC,US,Wellcome Research Laboratories,Research Triangle Park NC,USA
1988,702,Maurice,Allais,economics,1,"""for his pioneering contributions to the theory of markets and efficient utilization of resources""",702,male,31/05/1911,France,Paris,FR,09/10/2010,France,Paris,FR,École Nationale Supérieur des Mines de Paris,Paris,France
1989,274,Thomas R.,Cech,chemistry,2,"""for their discovery of catalytic properties of RNA""",274,male,08/12/1947,USA,Chicago IL,US,0000-00-00,,,,University of Colorado,Boulder CO,USA
1989,273,Sidney,Altman,chemistry,2,"""for their discovery of catalytic properties of RNA""",273,male,07/05/1939,Canada,Montreal,CA,05/04/2022,USA,Rockleigh NJ,US,Yale University,New Haven CT,USA
1989,136,Hans G.,Dehmelt,physics,4,"""for the development of the ion trap technique""",136,male,09/09/1922,Prussia (now Germany),Görlitz,DE,07/03/2017,USA,Seattle WA,US,University of Washington,Seattle WA,USA
1989,135,Norman F.,Ramsey,physics,2,"""for the invention of the separated oscillatory fields method and its use in the hydrogen maser and other atomic clocks""",135,male,27/08/1915,USA,Washington D.C.,US,04/11/2011,USA,Wayland MA,US,Harvard University,Cambridge MA,USA
1989,440,J. Michael,Bishop,medicine,2,"""for their discovery of the cellular origin of retroviral oncogenes""",440,male,22/02/1936,USA,York PA,US,0000-00-00,,,,University of California School of Medicine,San Francisco CA,USA
1989,137,Wolfgang,Paul,physics,4,"""for the development of the ion trap technique""",137,male,10/08/1913,Germany,Lorenzkirch,DE,07/12/1993,Germany,Bonn,DE,University of Bonn,Bonn,Germany
1989,703,Trygve,Haavelmo,economics,1,"""for his clarification of the probability theory foundations of econometrics and his analyses of simultaneous economic structures""",703,male,13/12/1911,Norway,Skedsmo,NO,26/07/1999,Norway,Oslo,NO,University of Oslo,Oslo,Norway
1989,666,Camilo José,Cela,literature,1,"""for a rich and intensive prose which with restrained compassion forms a challenging vision of man's vulnerability""",666,male,11/05/1916,Spain,Iria Flavia,ES,17/01/2002,Spain,Madrid,ES,,,
1989,551,Lhamo,Thondup,peace,1,"""for advocating peaceful solutions based upon tolerance and mutual respect in order to preserve the historical and cultural heritage of his people""",551,male,06/07/1935,Tibet (now China),Taktser,CN,0000-00-00,,,,,,
1989,441,Harold E.,Varmus,medicine,2,"""for their discovery of the cellular origin of retroviral oncogenes""",441,male,18/12/1939,USA,Oceanside NY,US,0000-00-00,,,,University of California School of Medicine,San Francisco CA,USA
1990,667,Octavio,Paz,literature,1,"""for impassioned writing with wide horizons characterized by sensuous intelligence and humanistic integrity""",667,male,31/03/1914,Mexico,Mexico City,MX,19/04/1998,Mexico,Mexico City,MX,,,
1990,140,Richard E.,Taylor,physics,3,"""for their pioneering investigations concerning deep inelastic scattering of electrons on protons and bound neutrons which have been of essential importance for the development of the quark model in particle physics""",140,male,02/11/1929,Canada,Medicine Hat Alberta,CA,22/02/2018,USA,Stanford CA,US,Stanford University,Stanford CA,USA
1990,139,Henry W.,Kendall,physics,3,"""for their pioneering investigations concerning deep inelastic scattering of electrons on protons and bound neutrons which have been of essential importance for the development of the quark model in particle physics""",139,male,09/12/1926,USA,Boston MA,US,15/02/1999,USA,Wakulla Springs State Park FL,US,Massachusetts Institute of Technology (MIT),Cambridge MA,USA
1990,138,Jerome I.,Friedman,physics,3,"""for their pioneering investigations concerning deep inelastic scattering of electrons on protons and bound neutrons which have been of essential importance for the development of the quark model in particle physics""",138,male,28/03/1930,USA,Chicago IL,US,0000-00-00,,,,Massachusetts Institute of Technology (MIT),Cambridge MA,USA
1990,704,Harry M.,Markowitz,economics,3,"""for their pioneering work in the theory of financial economics""",704,male,24/08/1927,USA,Chicago IL,US,0000-00-00,,,,City University of New York,New York NY,USA
1990,705,Merton H.,Miller,economics,3,"""for their pioneering work in the theory of financial economics""",705,male,16/05/1923,USA,Boston MA,US,03/06/2000,USA,Chicago IL,US,University of Chicago,Chicago IL,USA
1990,442,Joseph E.,Murray,medicine,2,"""for their discoveries concerning organ and cell transplantation in the treatment of human disease""",442,male,01/04/1919,USA,Milford MA,US,26/11/2012,USA,Boston MA,US,Brigham and Women's Hospital,Boston MA,USA
1990,552,Mikhail,Gorbachev,peace,1,"""for the leading role he played in the radical changes in East-West relations""",552,male,02/03/1931,USSR (now Russia),Privolnoye,RU,30/08/2022,Russia,Moscow,RU,,,
1990,443,E. Donnall,Thomas,medicine,2,"""for their discoveries concerning organ and cell transplantation in the treatment of human disease""",443,male,15/03/1920,USA,Mart TX,US,20/10/2012,USA,Seattle WA,US,Fred Hutchinson Cancer Research Center,Seattle WA,USA
1990,706,William F.,Sharpe,economics,3,"""for their pioneering work in the theory of financial economics""",706,male,16/06/1934,USA,Boston MA,US,0000-00-00,,,,Stanford University,Stanford CA,USA
1990,275,Elias James,Corey,chemistry,1,"""for his development of the theory and methodology of organic synthesis""",275,male,12/07/1928,USA,Methuen MA,US,0000-00-00,,,,Harvard University,Cambridge MA,USA
1991,707,Ronald H.,Coase,economics,1,"""for his discovery and clarification of the significance of transaction costs and property rights for the institutional structure and functioning of the economy""",707,male,29/12/1910,United Kingdom,Willesden,GB,02/09/2013,USA,Chicago IL,US,University of Chicago,Chicago IL,USA
1991,668,Nadine,Gordimer,literature,1,"""who through her magnificent epic writing has - in the words of Alfred Nobel - been of very great benefit to humanity""",668,female,20/11/1923,South Africa,Springs,ZA,13/07/2014,South Africa,Johannesburg,ZA,,,
1991,445,Bert,Sakmann,medicine,2,"""for their discoveries concerning the function of single ion channels in cells""",445,male,12/06/1942,Germany,Stuttgart,DE,0000-00-00,,,,Max-Planck-Institut für medizinische Forschung,Heidelberg,Germany
1991,141,Pierre-Gilles,de Gennes,physics,1,"""for discovering that methods developed for studying order phenomena in simple systems can be generalized to more complex forms of matter in particular to liquid crystals and polymers""",141,male,24/10/1932,France,Paris,FR,18/05/2007,France,Orsay,FR,Collège de France,Paris,France
1991,553,Aung San Suu Kyi,,peace,1,"""for her non-violent struggle for democracy and human rights""",553,female,19/06/1945,Burma (now Myanmar),Rangoon (now Yangon),MM,0000-00-00,,,,,,
1991,444,Erwin,Neher,medicine,2,"""for their discoveries concerning the function of single ion channels in cells""",444,male,20/03/1944,Germany,Landsberg,DE,0000-00-00,,,,Max-Planck-Institut für Biophysikalische Chemie,Göttingen,Germany
1991,276,Richard R.,Ernst,chemistry,1,"""for his contributions to the development of the methodology of high resolution nuclear magnetic resonance (NMR) spectroscopy""",276,male,14/08/1933,Switzerland,Winterthur,CH,04/06/2021,Switzerland,Winterthur,CH,Eidgenössische Technische Hochschule (Swiss Federal Institute of Technology),Zurich,Switzerland
1992,669,Derek,Walcott,literature,1,"""for a poetic oeuvre of great luminosity sustained by a historical vision the outcome of a multicultural commitment""",669,male,23/01/1930,Saint Lucia,Castries,LC,17/03/2017,Saint Lucia,Gros-Islet,LC,,,
1992,446,Edmond H.,Fischer,medicine,2,"""for their discoveries concerning reversible protein phosphorylation as a biological regulatory mechanism""",446,male,06/04/1920,China,Shanghai,CN,27/08/2021,USA,Seattle WA,US,University of Washington,Seattle WA,USA
1992,277,Rudolph A.,Marcus,chemistry,1,"""for his contributions to the theory of electron transfer reactions in chemical systems""",277,male,21/07/1923,Canada,Montreal,CA,0000-00-00,,,,California Institute of Technology (Caltech),Pasadena CA,USA
1992,708,Gary,Becker,economics,1,"""for having extended the domain of microeconomic analysis to a wide range of human behaviour and interaction including nonmarket behaviour""",708,male,02/12/1930,USA,Pottsville PA,US,03/05/2014,USA,Chicago IL,US,University of Chicago,Chicago IL,USA
1992,554,Rigoberta,Menchú Tum,peace,1,"""for her struggle for social justice and ethno-cultural reconciliation based on respect for the rights of indigenous peoples""",554,female,09/01/1959,Guatemala,Aldea Chimel,GT,0000-00-00,,,,,,
1992,142,Georges,Charpak,physics,1,"""for his invention and development of particle detectors in particular the multiwire proportional chamber""",142,male,01/08/1924,Poland,Dabrovica,PL,29/09/2010,France,Paris,FR,École Supérieure de Physique et Chimie,Paris,France
1992,447,Edwin G.,Krebs,medicine,2,"""for their discoveries concerning reversible protein phosphorylation as a biological regulatory mechanism""",447,male,06/06/1918,USA,Lansing IA,US,21/12/2009,USA,Seattle WA,US,University of Washington,Seattle WA,USA
1993,143,Russell A.,Hulse,physics,2,"""for the discovery of a new type of pulsar a discovery that has opened up new possibilities for the study of gravitation""",143,male,28/11/1950,USA,New York NY,US,0000-00-00,,,,Princeton University,Princeton NJ,USA
1993,144,Joseph H.,Taylor Jr.,physics,2,"""for the discovery of a new type of pulsar a discovery that has opened up new possibilities for the study of gravitation""",144,male,29/03/1941,USA,Philadelphia PA,US,0000-00-00,,,,Princeton University,Princeton NJ,USA
1993,670,Toni,Morrison,literature,1,"""who in novels characterized by visionary force and poetic import gives life to an essential aspect of American reality""",670,female,18/02/1931,USA,Lorain OH,US,05/08/2019,USA,New York NY,US,,,
1993,710,Douglass C.,North,economics,2,"""for having renewed research in economic history by applying economic theory and quantitative methods in order to explain economic and institutional change""",710,male,05/11/1920,USA,Cambridge MA,US,23/11/2015,USA,Benzonia MI,US,Washington University,St. Louis MO,USA
1993,279,Michael,Smith,chemistry,2,"""for his fundamental contributions to the establishment of oligonucleotide-based site-directed mutagenesis and its development for protein studies""",279,male,26/04/1932,United Kingdom,Blackpool,GB,04/10/2000,Canada,Vancouver,CA,University of British Columbia,Vancouver,Canada
1993,449,Phillip A.,Sharp,medicine,2,"""for their discoveries of split genes""",449,male,06/06/1944,USA,Falmouth KY,US,0000-00-00,,,,Massachusetts Institute of Technology (MIT) Center for Cancer Research,Cambridge MA,USA
1993,448,Richard J.,Roberts,medicine,2,"""for their discoveries of split genes""",448,male,06/09/1943,United Kingdom,Derby,GB,0000-00-00,,,,New England Biolabs,Beverly MA,USA
1993,278,Kary B.,Mullis,chemistry,2,"""for his invention of the polymerase chain reaction (PCR) method""",278,male,28/12/1944,USA,Lenoir NC,US,07/08/2019,USA,Newport Beach CA,US,,,
1993,556,F.W.,de Klerk,peace,2,"""for their work for the peaceful termination of the apartheid regime and for laying the foundations for a new democratic South Africa""",556,male,18/03/1936,South Africa,Johannesburg,ZA,11/11/2021,South Africa,Cape Town,ZA,,,
1993,709,Robert W.,Fogel,economics,2,"""for having renewed research in economic history by applying economic theory and quantitative methods in order to explain economic and institutional change""",709,male,01/07/1927,USA,New York NY,US,11/06/2013,USA,Oak Lawn IL,US,University of Chicago,Chicago IL,USA
1993,555,Nelson,Mandela,peace,2,"""for their work for the peaceful termination of the apartheid regime and for laying the foundations for a new democratic South Africa""",555,male,18/07/1918,South Africa,Qunu,ZA,05/12/2013,South Africa,Johannesburg,ZA,,,
1994,450,Alfred G.,Gilman,medicine,2,"""for their discovery of G-proteins and the role of these proteins in signal transduction in cells""",450,male,01/07/1941,USA,New Haven CT,US,23/12/2015,USA,Dallas TX,US,University of Texas Southwestern Medical Center at Dallas,Dallas TX,USA
1994,451,Martin,Rodbell,medicine,2,"""for their discovery of G-proteins and the role of these proteins in signal transduction in cells""",451,male,01/12/1925,USA,Baltimore MD,US,07/12/1998,USA,Chapel Hill NC,US,National Institute of Environmental Health Sciences,Research Triangle Park NC,USA
1994,280,George A.,Olah,chemistry,1,"""for his contribution to carbocation chemistry""",280,male,22/05/1927,Hungary,Budapest,HU,08/03/2017,USA,Los Angeles CA,US,University of Southern California,Los Angeles CA,USA
1994,145,Bertram N.,Brockhouse,physics,2,"""for the development of neutron spectroscopy""",145,male,15/07/1918,Canada,Lethbridge Alberta,CA,13/10/2003,Canada,Hamilton Ontario,CA,McMaster University,Hamilton Ontario,Canada
1994,146,Clifford G.,Shull,physics,2,"""for the development of the neutron diffraction technique""",146,male,23/09/1915,USA,Pittsburgh PA,US,31/03/2001,USA,Medford MA,US,Massachusetts Institute of Technology (MIT),Cambridge MA,USA
1994,671,Kenzaburo,Oe,literature,1,"""who with poetic force creates an imagined world where life and myth condense to form a disconcerting picture of the human predicament today""",671,male,31/01/1935,Japan,Uchiko,JP,03/03/2023,Japan,Tokyo,JP,,,
1994,557,Yasser,Arafat,peace,3,"""for their efforts to create peace in the Middle East""",557,male,24/08/1929,Egypt,Cairo,EG,11/11/2004,France,Paris,FR,,,
1994,559,Yitzhak,Rabin,peace,3,"""for their efforts to create peace in the Middle East""",559,male,01/03/1922,British Mandate of Palestine (now Israel),Jerusalem,IL,04/11/1995,Israel,Tel Aviv,IL,,,
1994,558,Shimon,Peres,peace,3,"""for their efforts to create peace in the Middle East""",558,male,16/08/1923,Poland (now Belarus),Vishneva,BY,28/09/2016,Israel,Tel Aviv,IL,,,
1994,711,John C.,Harsanyi,economics,3,"""for their pioneering analysis of equilibria in the theory of non-cooperative games""",711,male,29/05/1920,Hungary,Budapest,HU,09/08/2000,USA,Berkeley CA,US,University of California,Berkeley CA,USA
1994,712,John F.,Nash Jr.,economics,3,"""for their pioneering analysis of equilibria in the theory of non-cooperative games""",712,male,13/06/1928,USA,Bluefield WV,US,23/05/2015,USA,New Jersey NJ,US,Princeton University,Princeton NJ,USA
1994,713,Reinhard,Selten,economics,3,"""for their pioneering analysis of equilibria in the theory of non-cooperative games""",713,male,05/10/1930,Germany (now Poland),Breslau (now Wroclaw),PL,23/08/2016,Poland,Poznan,PL,Rheinische Friedrich-Wilhelms-Universität,Bonn,Germany
1995,148,Frederick,Reines,physics,2,"""for the detection of the neutrino""",148,male,16/03/1918,USA,Paterson NJ,US,26/08/1998,USA,Orange CA,US,University of California,Irvine CA,USA
1995,452,Edward B.,Lewis,medicine,3,"""for their discoveries concerning the genetic control of early embryonic development""",452,male,20/05/1918,USA,Wilkes-Barre PA,US,21/07/2004,USA,Pasadena CA,US,California Institute of Technology (Caltech),Pasadena CA,USA
1995,281,Paul J.,Crutzen,chemistry,3,"""for their work in atmospheric chemistry particularly concerning the formation and decomposition of ozone""",281,male,03/12/1933,the Netherlands,Amsterdam,NL,28/01/2021,Germany,Mainz,DE,Max-Planck-Institut für Chemie,Mainz,Germany
1995,282,Mario J.,Molina,chemistry,3,"""for their work in atmospheric chemistry particularly concerning the formation and decomposition of ozone""",282,male,19/03/1943,Mexico,Mexico City,MX,07/10/2020,Mexico,Mexico City,MX,Massachusetts Institute of Technology (MIT),Cambridge MA,USA
1995,714,Robert E.,Lucas Jr.,economics,1,"""for having developed and applied the hypothesis of rational expectations and thereby having transformed macroeconomic analysis and deepened our understanding of economic policy""",714,male,15/09/1937,USA,Yakima WA,US,15/05/2023,,,,University of Chicago,Chicago IL,USA
1995,672,Seamus,Heaney,literature,1,"""for works of lyrical beauty and ethical depth which exalt everyday miracles and the living past""",672,male,13/04/1939,Northern Ireland,Casteldàwson,GB,30/08/2013,Ireland,Dublin,IE,,,
1995,283,F. Sherwood,Rowland,chemistry,3,"""for their work in atmospheric chemistry particularly concerning the formation and decomposition of ozone""",283,male,28/06/1927,USA,Delaware OH,US,10/03/2012,USA,Corona del Mar CA,US,University of California,Irvine CA,USA
1995,453,Christiane,Nüsslein-Volhard,medicine,3,"""for their discoveries concerning the genetic control of early embryonic development""",453,female,20/10/1942,Germany,Magdeburg,DE,0000-00-00,,,,Max-Planck-Institut für Entwicklungsbiologie,Tübingen,Germany
1995,560,Joseph,Rotblat,peace,2,"""for their efforts to diminish the part played by nuclear arms in international politics and in the longer run to eliminate such arms""",560,male,04/11/1908,Russian Empire (now Poland),Warsaw,PL,31/08/2005,United Kingdom,London,GB,,,
1995,561,Pugwash Conferences on Science and World Affairs,,peace,2,"""for their efforts to diminish the part played by nuclear arms in international politics and in the longer run to eliminate such arms""",561,org,1957-00-00,,,,0000-00-00,,,,,,
1995,147,Martin L.,Perl,physics,2,"""for the discovery of the tau lepton""",147,male,24/06/1927,USA,New York NY,US,30/09/2014,USA,Palo Alto CA,US,Stanford University,Stanford CA,USA
1995,454,Eric F.,Wieschaus,medicine,3,"""for their discoveries concerning the genetic control of early embryonic development""",454,male,08/06/1947,USA,South Bend IN,US,0000-00-00,,,,Princeton University,Princeton NJ,USA
1996,149,David M.,Lee,physics,3,"""for their discovery of superfluidity in helium-3""",149,male,20/01/1931,USA,Rye NY,US,0000-00-00,,,,Cornell University,Ithaca NY,USA
1996,151,Robert C.,Richardson,physics,3,"""for their discovery of superfluidity in helium-3""",151,male,26/06/1937,USA,Washington D.C.,US,19/02/2013,USA,Ithaca NY,US,Cornell University,Ithaca NY,USA
1996,150,Douglas D.,Osheroff,physics,3,"""for their discovery of superfluidity in helium-3""",150,male,01/08/1945,USA,Aberdeen WA,US,0000-00-00,,,,Stanford University,Stanford CA,USA
1996,455,Peter C.,Doherty,medicine,2,"""for their discoveries concerning the specificity of the cell mediated immune defence""",455,male,15/10/1940,Australia,Brisbane,AU,0000-00-00,,,,St. Jude Children's Research Hospital,Memphis TN,USA
1996,456,Rolf M.,Zinkernagel,medicine,2,"""for their discoveries concerning the specificity of the cell mediated immune defence""",456,male,06/01/1944,Switzerland,Basel,CH,0000-00-00,,,,University of Zurich Institute of Experimental Immunology,Zurich,Switzerland
1996,286,Richard E.,Smalley,chemistry,3,"""for their discovery of fullerenes""",286,male,06/06/1943,USA,Akron OH,US,28/10/2005,USA,Houston TX,US,Rice University,Houston TX,USA
1996,673,Wislawa,Szymborska,literature,1,"""for poetry that with ironic precision allows the historical and biological context to come to light in fragments of human reality""",673,female,02/07/1923,Poland,Bnin (now Kórnik),PL,01/02/2012,Poland,Kraków,PL,,,
1996,562,Carlos Filipe Ximenes,Belo,peace,2,"""for their work towards a just and peaceful solution to the conflict in East Timor""",562,male,03/02/1948,East Timor,Wailacama,TL,0000-00-00,,,,,,
1996,563,José,Ramos-Horta,peace,2,"""for their work towards a just and peaceful solution to the conflict in East Timor""",563,male,26/12/1949,East Timor,Dili,TL,0000-00-00,,,,,,
1996,284,Robert F.,Curl Jr.,chemistry,3,"""for their discovery of fullerenes""",284,male,23/08/1933,USA,Alice TX,US,03/07/2022,USA,Houston TX,US,Rice University,Houston TX,USA
1996,716,William,Vickrey,economics,2,"""for their fundamental contributions to the economic theory of incentives under asymmetric information""",716,male,21/06/1914,Canada,Victoria BC,CA,11/10/1996,USA,Harrison NY,US,Columbia University,New York NY,USA
1996,285,Sir Harold,Kroto,chemistry,3,"""for their discovery of fullerenes""",285,male,07/10/1939,United Kingdom,Wisbech Cambridgeshire,GB,30/04/2016,United Kingdom,Lewes East Sussex,GB,University of Sussex,Brighton,United Kingdom
1996,715,James A.,Mirrlees,economics,2,"""for their fundamental contributions to the economic theory of incentives under asymmetric information""",715,male,05/07/1936,Scotland,Minnigaff,GB,29/08/2018,United Kingdom,Cambridge,GB,University of Cambridge,Cambridge,United Kingdom
1997,674,Dario,Fo,literature,1,"""who emulates the jesters of the Middle Ages in scourging authority and upholding the dignity of the downtrodden""",674,male,24/03/1926,Italy,Leggiuno-Sangiano,IT,13/10/2016,Italy,Milan,IT,,,
1997,288,John E.,Walker,chemistry,4,"""for their elucidation of the enzymatic mechanism underlying the synthesis of adenosine triphosphate (ATP)""",288,male,07/01/1941,United Kingdom,Halifax,GB,0000-00-00,,,,MRC Laboratory of Molecular Biology,Cambridge,United Kingdom
1997,289,Jens C.,Skou,chemistry,2,"""for the first discovery of an ion-transporting enzyme Na+ K+ -ATPase""",289,male,08/10/1918,Denmark,Lemvig,DK,28/05/2018,Denmark,Aarhus,DK,Aarhus University,Aarhus,Denmark
1997,717,Robert C.,Merton,economics,2,"""for a new method to determine the value of derivatives""",717,male,31/07/1944,USA,New York NY,US,0000-00-00,,,,Harvard University,Cambridge MA,USA
1997,457,Stanley B.,Prusiner,medicine,1,"""for his discovery of Prions - a new biological principle of infection""",457,male,28/05/1942,USA,Des Moines IA,US,0000-00-00,,,,University of California School of Medicine,San Francisco CA,USA
1997,154,William D.,Phillips,physics,3,"""for development of methods to cool and trap atoms with laser light""",154,male,05/11/1948,USA,Wilkes-Barre PA,US,0000-00-00,,,,National Institute of Standards and Technology,Gaithersburg MD,USA
1997,718,Myron,Scholes,economics,2,"""for a new method to determine the value of derivatives""",718,male,01/07/1941,Canada,Timmins ON,CA,0000-00-00,,,,Long Term Capital Management,Greenwich CT,USA
1997,153,Claude,Cohen-Tannoudji,physics,3,"""for development of methods to cool and trap atoms with laser light""",153,male,01/04/1933,French Algeria (now Algeria),Constantine,DZ,0000-00-00,,,,Collège de France,Paris,France
1997,152,Steven,Chu,physics,3,"""for development of methods to cool and trap atoms with laser light""",152,male,28/02/1948,USA,St. Louis MO,US,0000-00-00,,,,Stanford University,Stanford CA,USA
1997,565,Jody,Williams,peace,2,"""for their work for the banning and clearing of anti-personnel mines""",565,female,09/10/1950,USA,Putney VT,US,0000-00-00,,,,,,
1997,564,International Campaign to Ban Landmines,,peace,2,"""for their work for the banning and clearing of anti-personnel mines""",564,org,1992-00-00,,,,0000-00-00,,,,,,
1997,287,Paul D.,Boyer,chemistry,4,"""for their elucidation of the enzymatic mechanism underlying the synthesis of adenosine triphosphate (ATP)""",287,male,31/07/1918,USA,Provo UT,US,02/06/2018,USA,Los Angeles CA,US,University of California,Los Angeles CA,USA
1998,719,Amartya,Sen,economics,1,"""for his contributions to welfare economics""",719,male,03/11/1933,India,Santiniketan,IN,0000-00-00,,,,Trinity College,Cambridge,United Kingdom
1998,156,Horst L.,Störmer,physics,3,"""for their discovery of a new form of quantum fluid with fractionally charged excitations""",156,male,06/04/1949,West Germany (now Germany),Frankfurt-on-the-Main,DE,0000-00-00,,,,Columbia University,New York NY,USA
1998,675,José,Saramago,literature,1,"""who with parables sustained by imagination compassion and irony continually enables us once again to apprehend an elusory reality""",675,male,16/11/1922,Portugal,Azinhaga,PT,18/06/2010,Spain,Lanzarote,ES,,,
1998,157,Daniel C.,Tsui,physics,3,"""for their discovery of a new form of quantum fluid with fractionally charged excitations""",157,male,28/02/1939,China,Henan,CN,0000-00-00,,,,Princeton University,Princeton NJ,USA
1998,290,Walter,Kohn,chemistry,2,"""for his development of the density-functional theory""",290,male,09/03/1923,Austria,Vienna,AT,19/04/2016,USA,Santa Barbara CA,US,University of California,Santa Barbara CA,USA
1998,458,Robert F.,Furchgott,medicine,3,"""for their discoveries concerning nitric oxide as a signalling molecule in the cardiovascular system""",458,male,04/06/1916,USA,Charleston SC,US,19/05/2009,USA,Seattle WA,US,SUNY Health Science Center,Brooklyn NY,USA
1998,459,Louis J.,Ignarro,medicine,3,"""for their discoveries concerning nitric oxide as a signalling molecule in the cardiovascular system""",459,male,31/05/1941,USA,Brooklyn NY,US,0000-00-00,,,,University of California School of Medicine,Los Angeles CA,USA
1998,460,Ferid,Murad,medicine,3,"""for their discoveries concerning nitric oxide as a signalling molecule in the cardiovascular system""",460,male,14/09/1936,USA,Whiting IN,US,0000-00-00,,,,University of Texas Medical School at Houston,Houston TX,USA
1998,291,John,Pople,chemistry,2,"""for his development of computational methods in quantum chemistry""",291,male,31/10/1925,United Kingdom,Burnham-on-Sea,GB,15/03/2004,USA,Chicago IL,US,Northwestern University,Evanston IL,USA
1998,566,John,Hume,peace,2,"""for their efforts to find a peaceful solution to the conflict in Northern Ireland""",566,male,18/01/1937,Northern Ireland,Londonderry,GB,03/08/2020,Northern Ireland,Londonderry,GB,,,
1998,567,David,Trimble,peace,2,"""for their efforts to find a peaceful solution to the conflict in Northern Ireland""",567,male,15/10/1944,Northern Ireland,Belfast,GB,25/07/2022,Northern Ireland,Belfast,GB,,,
1998,155,Robert B.,Laughlin,physics,3,"""for their discovery of a new form of quantum fluid with fractionally charged excitations""",155,male,01/11/1950,USA,Visalia CA,US,0000-00-00,,,,Stanford University,Stanford CA,USA
1999,676,Günter,Grass,literature,1,"""whose frolicsome black fables portray the forgotten face of history""",676,male,16/10/1927,Free City of Danzig (now Poland),Danzig (now Gdansk),PL,13/04/2015,Germany,Lübeck,DE,,,
1999,292,Ahmed,Zewail,chemistry,1,"""for his studies of the transition states of chemical reactions using femtosecond spectroscopy""",292,male,26/02/1946,Egypt,Damanhur,EG,02/08/2016,USA,Pasadena CA,US,California Institute of Technology (Caltech),Pasadena CA,USA
1999,568,Doctors Without Borders,,peace,1,"""in recognition of the organisation's pioneering humanitarian work on several continents""",568,org,1971-00-00,,,,0000-00-00,,,,,,
1999,159,Martinus J.G.,Veltman,physics,2,"""for elucidating the quantum structure of electroweak interactions in physics""",159,male,27/06/1931,the Netherlands,Waalwijk,NL,04/01/2021,the Netherlands,Bilthoven,NL,,,
1999,158,Gerardus,'t Hooft,physics,2,"""for elucidating the quantum structure of electroweak interactions in physics""",158,male,05/07/1946,the Netherlands,Den Helder,NL,0000-00-00,,,,Utrecht University,Utrecht,the Netherlands
1999,720,Robert,Mundell,economics,1,"""for his analysis of monetary and fiscal policy under different exchange rate regimes and his analysis of optimum currency areas""",720,male,24/10/1932,Canada,Kingston ON,CA,04/04/2021,Italy,Siena,IT,Columbia University,New York NY,USA
1999,461,Günter,Blobel,medicine,1,"""for the discovery that proteins have intrinsic signals that govern their transport and localization in the cell""",461,male,21/05/1936,Germany (now Poland),Waltersdorf (now Niegoslawice),PL,18/02/2018,USA,New York NY,US,Rockefeller University,New York NY,USA
2000,730,Alan,MacDiarmid,chemistry,3,"""for the discovery and development of conductive polymers""",730,male,14/04/1927,New Zealand,Masterton,NZ,07/02/2007,USA,Drexel Hill PA,US,University of Pennsylvania,Philadelphia PA,USA
2000,734,Xingjian,Gao,literature,1,"""for an œuvre of universal validity bitter insights and linguistic ingenuity which has opened new paths for the Chinese novel and drama""",734,male,04/01/1940,China,Ganzhou,CN,0000-00-00,,,,,,
2000,733,Daniel L.,McFadden,economics,2,"""for his development of theory and methods for analyzing discrete choice""",733,male,29/07/1937,USA,Raleigh NC,US,0000-00-00,,,,University of California,Berkeley CA,USA
2000,732,James J.,Heckman,economics,2,"""for his development of theory and methods for analyzing selective samples""",732,male,19/04/1944,USA,Chicago IL,US,0000-00-00,,,,University of Chicago,Chicago IL,USA
2000,731,Hideki,Shirakawa,chemistry,3,"""for the discovery and development of conductive polymers""",731,male,20/08/1936,Japan,Tokyo,JP,0000-00-00,,,,University of Tsukuba,Tsukuba,Japan
2000,729,Alan,Heeger,chemistry,3,"""for the discovery and development of conductive polymers""",729,male,22/01/1936,USA,Sioux City IA,US,0000-00-00,,,,University of California,Santa Barbara CA,USA
2000,723,Paul,Greengard,medicine,3,"""for their discoveries concerning signal transduction in the nervous system""",723,male,11/12/1925,USA,New York NY,US,13/04/2019,USA,New York NY,US,Rockefeller University,New York NY,USA
2000,727,Herbert,Kroemer,physics,4,"""for developing semiconductor heterostructures used in high-speed- and opto-electronics""",727,male,25/08/1928,Germany,Weimar,DE,0000-00-00,,,,University of California,Santa Barbara CA,USA
2000,726,Zhores,Alferov,physics,4,"""for developing semiconductor heterostructures used in high-speed- and opto-electronics""",726,male,15/03/1930,USSR (now Belarus),Vitebsk Belorussia,BY,01/03/2019,Russia,St. Petersburg,RU,A.F. Ioffe Physico-Technical Institute,St. Petersburg,Russia
2000,725,Kim,Dae-jung,peace,1,"""for his work for democracy and human rights in South Korea and in East Asia in general and for peace and reconciliation with North Korea in particular""",725,male,03/12/1925,Korea (now South Korea),Mokpo,KR,18/08/2009,,,,,,
2000,724,Eric,Kandel,medicine,3,"""for their discoveries concerning signal transduction in the nervous system""",724,male,07/11/1929,Austria,Vienna,AT,0000-00-00,,,,Columbia University,New York NY,USA
2000,722,Arvid,Carlsson,medicine,3,"""for their discoveries concerning signal transduction in the nervous system""",722,male,25/01/1923,Sweden,Uppsala,SE,29/06/2018,Sweden,Gothenburg,SE,Göteborg University,Gothenburg,Sweden
2000,728,Jack,Kilby,physics,2,"""for his part in the invention of the integrated circuit""",728,male,08/11/1923,USA,Jefferson City MO,US,20/06/2005,USA,Dallas TX,US,Texas Instruments,Dallas TX,USA
2001,744,George A.,Akerlof,economics,3,"""for their analyses of markets with asymmetric information""",744,male,17/06/1940,USA,New Haven CT,US,0000-00-00,,,,University of California,Berkeley CA,USA
2001,749,Kofi,Annan,peace,2,"""for their work for a better organized and more peaceful world""",749,male,08/04/1938,Gold Coast (now Ghana),Kumasi,GH,18/08/2018,Switzerland,Bern,CH,,,
2001,748,United Nations,,peace,2,"""for their work for a better organized and more peaceful world""",748,org,1945-00-00,,,,0000-00-00,,,,,,
2001,747,V. S.,Naipaul,literature,1,"""for having united perceptive narrative and incorruptible scrutiny in works that compel us to see the presence of suppressed histories""",747,male,17/08/1932,Trinidad and Tobago,Chaguanas,TT,11/08/2018,United Kingdom,London,GB,,,
2001,746,Joseph E.,Stiglitz,economics,3,"""for their analyses of markets with asymmetric information""",746,male,09/02/1943,USA,Gary IN,US,0000-00-00,,,,Columbia University,New York NY,USA
2001,745,A. Michael,Spence,economics,3,"""for their analyses of markets with asymmetric information""",745,male,1943-00-00,USA,Montclair NJ,US,0000-00-00,,,,Stanford University,Stanford CA,USA
2001,743,Barry,Sharpless,chemistry,2,"""for his work on chirally catalysed oxidation reactions""",743,male,28/04/1941,USA,Philadelphia PA,US,0000-00-00,,,,The Scripps Research Institute,La Jolla CA,USA
2001,743,Barry,Sharpless,chemistry,2,"""for his work on chirally catalysed oxidation reactions""",743,male,28/04/1941,USA,Philadelphia PA,US,0000-00-00,,,,Scripps Research,La Jolla CA,USA
2001,742,Ryoji,Noyori,chemistry,4,"""for their work on chirally catalysed hydrogenation reactions""",742,male,03/09/1938,Japan,Kobe,JP,0000-00-00,,,,Nagoya University,Nagoya,Japan
2001,741,William,Knowles,chemistry,4,"""for their work on chirally catalysed hydrogenation reactions""",741,male,01/06/1917,USA,Taunton MA,US,13/06/2012,USA,Chesterfield MO,US,,,
2001,740,Carl,Wieman,physics,3,"""for the achievement of Bose-Einstein condensation in dilute gases of alkali atoms and for early fundamental studies of the properties of the condensates""",740,male,26/03/1951,USA,Corvallis OR,US,0000-00-00,,,,University of Colorado JILA,Boulder CO,USA
2001,739,Wolfgang,Ketterle,physics,3,"""for the achievement of Bose-Einstein condensation in dilute gases of alkali atoms and for early fundamental studies of the properties of the condensates""",739,male,21/10/1957,West Germany (now Germany),Heidelberg,DE,0000-00-00,,,,Massachusetts Institute of Technology (MIT),Cambridge MA,USA
2001,738,Eric,Cornell,physics,3,"""for the achievement of Bose-Einstein condensation in dilute gases of alkali atoms and for early fundamental studies of the properties of the condensates""",738,male,19/12/1961,USA,Palo Alto CA,US,0000-00-00,,,,University of Colorado JILA,Boulder CO,USA
2001,737,Sir Paul,Nurse,medicine,3,"""for their discoveries of key regulators of the cell cycle""",737,male,25/01/1949,United Kingdom,Norwich,GB,0000-00-00,,,,Imperial Cancer Research Fund,London,United Kingdom
2001,736,Tim,Hunt,medicine,3,"""for their discoveries of key regulators of the cell cycle""",736,male,19/02/1943,United Kingdom,Neston,GB,0000-00-00,,,,Imperial Cancer Research Fund,London,United Kingdom
2001,735,Leland,Hartwell,medicine,3,"""for their discoveries of key regulators of the cell cycle""",735,male,30/10/1939,USA,Los Angeles CA,US,0000-00-00,,,,Fred Hutchinson Cancer Research Center,Seattle WA,USA
2002,762,Jimmy,Carter,peace,1,"""for his decades of untiring effort to find peaceful solutions to international conflicts to advance democracy and human rights and to promote economic and social development""",762,male,01/10/1924,USA,Plains GA,US,0000-00-00,,,,,,
2002,761,Imre,Kertész,literature,1,"""for writing that upholds the fragile experience of the individual against the barbaric arbitrariness of history""",761,male,09/11/1929,Hungary,Budapest,HU,31/03/2016,Hungary,Budapest,HU,,,
2002,759,Daniel,Kahneman,economics,2,"""for having integrated insights from psychological research into economic science especially concerning human judgment and decision-making under uncertainty""",759,male,05/03/1934,British Mandate of Palestine (now Israel),Tel Aviv,IL,0000-00-00,,,,Princeton University,Princeton NJ,USA
2002,758,Kurt,Wüthrich,chemistry,2,"""for his development of nuclear magnetic resonance spectroscopy for determining the three-dimensional structure of biological macromolecules in solution""",758,male,04/10/1938,Switzerland,Aarberg,CH,0000-00-00,,,,Eidgenössische Technische Hochschule (Swiss Federal Institute of Technology),Zurich,Switzerland
2002,757,Koichi,Tanaka,chemistry,4,"""for their development of soft desorption ionisation methods for mass spectrometric analyses of biological macromolecules""",757,male,03/08/1959,Japan,Toyama City,JP,0000-00-00,,,,Shimadzu Corp.,Kyoto,Japan
2002,756,John B.,Fenn,chemistry,4,"""for their development of soft desorption ionisation methods for mass spectrometric analyses of biological macromolecules""",756,male,15/06/1917,USA,New York NY,US,10/12/2010,USA,Richmond VA,US,Virginia Commonwealth University,Richmond VA,USA
2002,760,Vernon L.,Smith,economics,2,"""for having established laboratory experiments as a tool in empirical economic analysis especially in the study of alternative market mechanisms""",760,male,01/01/1927,USA,Wichita KS,US,0000-00-00,,,,George Mason University,Fairfax VA,USA
2002,754,Masatoshi,Koshiba,physics,4,"""for pioneering contributions to astrophysics in particular for the detection of cosmic neutrinos""",754,male,19/09/1926,Japan,Toyohashi,JP,12/11/2020,Japan,Tokyo,JP,University of Tokyo,Tokyo,Japan
2002,753,Raymond,Davis Jr.,physics,4,"""for pioneering contributions to astrophysics in particular for the detection of cosmic neutrinos""",753,male,14/10/1914,USA,Washington D.C.,US,31/05/2006,USA,Blue Point NY,US,University of Pennsylvania,Philadelphia PA,USA
2002,752,John E.,Sulston,medicine,3,"""for their discoveries concerning genetic regulation of organ development and programmed cell death'""",752,male,27/03/1942,United Kingdom,Cambridge,GB,06/03/2018,United Kingdom,Stapleford Cambridgeshire,GB,The Wellcome Trust Sanger Institute,Cambridge,United Kingdom
2002,751,H. Robert,Horvitz,medicine,3,"""for their discoveries concerning genetic regulation of organ development and programmed cell death'""",751,male,08/05/1947,USA,Chicago IL,US,0000-00-00,,,,Massachusetts Institute of Technology (MIT),Cambridge MA,USA
2002,750,Sydney,Brenner,medicine,3,"""for their discoveries concerning genetic regulation of organ development and programmed cell death'""",750,male,13/01/1927,South Africa,Germiston,ZA,05/04/2019,Singapore,,SG,The Molecular Sciences Institute,Berkeley CA,USA
2002,755,Riccardo,Giacconi,physics,2,"""for pioneering contributions to astrophysics which have led to the discovery of cosmic X-ray sources""",755,male,06/10/1931,Italy,Genoa,IT,16/12/2018,USA,La Jolla CA,US,Associated Universities Inc.,Washington D.C.,USA
2003,773,Shirin,Ebadi,peace,1,"""for her efforts for democracy and human rights. She has focused especially on the struggle for the rights of women and children""",773,female,21/06/1947,Iran,Hamadan,IR,0000-00-00,,,,,,
2003,772,Clive W.J.,Granger,economics,2,"""for methods of analyzing economic time series with common trends (cointegration)""",772,male,04/09/1934,United Kingdom,Swansea,GB,27/05/2009,USA,San Diego CA,US,University of California,San Diego CA,USA
2003,771,Robert F.,Engle III,economics,2,"""for methods of analyzing economic time series with time-varying volatility (ARCH)""",771,male,10/11/1942,USA,Syracuse NY,US,0000-00-00,,,,New York University,New York NY,USA
2003,770,Roderick,MacKinnon,chemistry,2,"""for structural and mechanistic studies of ion channels""",770,male,19/02/1956,USA,Burlington MA,US,0000-00-00,,,,Rockefeller University,New York NY,USA
2003,769,Peter,Agre,chemistry,2,"""for the discovery of water channels""",769,male,30/01/1949,USA,Northfield MN,US,0000-00-00,,,,Johns Hopkins University School of Medicine,Baltimore MD,USA
2003,768,Anthony J.,Leggett,physics,3,"""for pioneering contributions to the theory of superconductors and superfluids""",768,male,26/03/1938,United Kingdom,London,GB,0000-00-00,,,,University of Illinois,Urbana IL,USA
2003,767,Vitaly L.,Ginzburg,physics,3,"""for pioneering contributions to the theory of superconductors and superfluids""",767,male,04/10/1916,Russia,Moscow,RU,08/11/2009,,,,P.N. Lebedev Physical Institute,Moscow,Russia
2003,765,Sir Peter,Mansfield,medicine,2,"""for their discoveries concerning magnetic resonance imaging""",765,male,09/10/1933,United Kingdom,London,GB,08/02/2017,,,,University of Nottingham School of Physics and Astronomy,Nottingham,United Kingdom
2003,764,Paul C.,Lauterbur,medicine,2,"""for their discoveries concerning magnetic resonance imaging""",764,male,06/05/1929,USA,Sidney OH,US,27/03/2007,USA,Urbana IL,US,University of Illinois,Urbana IL,USA
2003,763,J. M.,Coetzee,literature,1,"""who in innumerable guises portrays the surprising involvement of the outsider""",763,male,09/02/1940,South Africa,Cape Town,ZA,0000-00-00,,,,,,
2003,766,Alexei,Abrikosov,physics,3,"""for pioneering contributions to the theory of superconductors and superfluids""",766,male,25/06/1928,USSR (now Russia),Moscow,RU,29/03/2017,,,,Argonne National Laboratory,Argonne IL,USA
2004,787,Edward C.,Prescott,economics,2,"""for their contributions to dynamic macroeconomics: the time consistency of economic policy and the driving forces behind business cycles""",787,male,26/12/1940,USA,Glens Falls NY,US,06/11/2022,USA,Paradise Valley AZ,US,Arizona State University,Tempe AZ,USA
2004,781,Irwin,Rose,chemistry,3,"""for the discovery of ubiquitin-mediated protein degradation""",781,male,16/07/1926,USA,Brooklyn NY,US,03/06/2015,USA,Deerfield MA,US,University of California,Irvine CA,USA
2004,786,Finn E.,Kydland,economics,2,"""for their contributions to dynamic macroeconomics: the time consistency of economic policy and the driving forces behind business cycles""",786,male,01/12/1943,Norway,Gjesdal,NO,0000-00-00,,,,Carnegie Mellon University,Pittsburgh PA,USA
2004,783,Wangari,Maathai,peace,1,"""for her contribution to sustainable development democracy and peace""",783,female,01/04/1940,Kenya,Nyeri,KE,25/09/2011,Kenya,Nairobi,KE,,,
2004,782,Elfriede,Jelinek,literature,1,"""for her musical flow of voices and counter-voices in novels and plays that with extraordinary linguistic zeal reveal the absurdity of society's clich&eacute;s and their subjugating power""",782,female,20/10/1946,Austria,Mürzzuschlag,AT,0000-00-00,,,,,,
2004,780,Avram,Hershko,chemistry,3,"""for the discovery of ubiquitin-mediated protein degradation""",780,male,31/12/1937,Hungary,Karcag,HU,0000-00-00,,,,Technion - Israel Institute of Technology,Haifa,Israel
2004,776,David J.,Gross,physics,3,"""for the discovery of asymptotic freedom in the theory of the strong interaction""",776,male,19/02/1941,USA,Washington D.C.,US,0000-00-00,,,,University of California Kavli Institute for Theoretical Physics,Santa Barbara CA,USA
2004,778,Frank,Wilczek,physics,3,"""for the discovery of asymptotic freedom in the theory of the strong interaction""",778,male,15/05/1951,USA,New York NY,US,0000-00-00,,,,Massachusetts Institute of Technology (MIT),Cambridge MA,USA
2004,777,H. David,Politzer,physics,3,"""for the discovery of asymptotic freedom in the theory of the strong interaction""",777,male,31/08/1949,USA,New York NY,US,0000-00-00,,,,California Institute of Technology (Caltech),Pasadena CA,USA
2004,775,Linda B.,Buck,medicine,2,"""for their discoveries of odorant receptors and the organization of the olfactory system""",775,female,29/01/1947,USA,Seattle WA,US,0000-00-00,,,,Fred Hutchinson Cancer Research Center,Seattle WA,USA
2004,774,Richard,Axel,medicine,2,"""for their discoveries of odorant receptors and the organization of the olfactory system""",774,male,02/07/1946,USA,New York NY,US,0000-00-00,,,,Columbia University,New York NY,USA
2004,779,Aaron,Ciechanover,chemistry,3,"""for the discovery of ubiquitin-mediated protein degradation""",779,male,01/10/1947,British Protectorate of Palestine (now Israel),Haifa,IL,0000-00-00,,,,Technion - Israel Institute of Technology,Haifa,Israel
2005,801,Harold,Pinter,literature,1,"""who in his plays uncovers the precipice under everyday prattle and forces entry into oppression's closed rooms""",801,male,10/10/1930,United Kingdom,London,GB,24/12/2008,United Kingdom,London,GB,,,
2005,800,Thomas C.,Schelling,economics,2,"""for having enhanced our understanding of conflict and cooperation through game-theory analysis""",800,male,14/04/1921,USA,Oakland CA,US,13/12/2016,USA,Bethesda MD,US,University of Maryland Department of Economics and School of Public Policy,College Park MD,USA
2005,798,Mohamed,ElBaradei,peace,2,"""for their efforts to prevent nuclear energy from being used for military purposes and to ensure that nuclear energy for peaceful purposes is used in the safest possible way""",798,male,17/06/1942,Egypt,Cairo,EG,0000-00-00,,,,,,
2005,797,International Atomic Energy Agency,,peace,2,"""for their efforts to prevent nuclear energy from being used for military purposes and to ensure that nuclear energy for peaceful purposes is used in the safest possible way""",797,org,1957-00-00,,,,0000-00-00,,,,,,
2005,796,Richard R.,Schrock,chemistry,3,"""for the development of the metathesis method in organic synthesis""",796,male,04/01/1945,USA,Berne IN,US,0000-00-00,,,,Massachusetts Institute of Technology (MIT),Cambridge MA,USA
2005,795,Robert H.,Grubbs,chemistry,3,"""for the development of the metathesis method in organic synthesis""",795,male,27/02/1942,USA,Possum Trot KY,US,19/12/2021,USA,Duarte CA,US,California Institute of Technology (Caltech),Pasadena CA,USA
2005,799,Robert J.,Aumann,economics,2,"""for having enhanced our understanding of conflict and cooperation through game-theory analysis""",799,male,08/06/1930,Germany,Frankfurt-on-the-Main,DE,0000-00-00,,,,University of Jerusalem Center for RationalityHebrew,Jerusalem,Israel
2005,793,Theodor W.,Hänsch,physics,4,"""for their contributions to the development of laser-based precision spectroscopy including the optical frequency comb technique""",793,male,30/10/1941,Germany,Heidelberg,DE,0000-00-00,,,,Max-Planck-Institut für Quantenoptik,Garching,Germany
2005,792,John L.,Hall,physics,4,"""for their contributions to the development of laser-based precision spectroscopy including the optical frequency comb technique""",792,male,21/08/1934,USA,Denver CO,US,0000-00-00,,,,University of Colorado JILA,Boulder CO,USA
2005,791,Roy J.,Glauber,physics,2,"""for his contribution to the quantum theory of optical coherence""",791,male,01/09/1925,USA,New York NY,US,26/12/2018,USA,Newton MA,US,Harvard University,Cambridge MA,USA
2005,790,J. Robin,Warren,medicine,2,"""for their discovery of the bacterium <i>Helicobacter pylori</i> and its role in gastritis and peptic ulcer disease""",790,male,11/06/1937,Australia,Adelaide,AU,0000-00-00,,,,,,
2005,789,Barry J.,Marshall,medicine,2,"""for their discovery of the bacterium <i>Helicobacter pylori</i> and its role in gastritis and peptic ulcer disease""",789,male,30/09/1951,Australia,Kalgoorlie,AU,0000-00-00,,,,NHMRC Helicobacter pylori Research Laboratory QEII Medical Centre,Nedlands,Australia
2005,794,Yves,Chauvin,chemistry,3,"""for the development of the metathesis method in organic synthesis""",794,male,10/10/1930,Belgium,Menin,BE,27/01/2015,France,Tours,FR,Institut Français du Pétrole,Rueil-Malmaison,France
2006,810,Grameen Bank,,peace,2,"""for their efforts to create economic and social development from below""",810,org,1976-00-00,,,,0000-00-00,,,,,,
2006,809,Muhammad,Yunus,peace,2,"""for their efforts to create economic and social development from below""",809,male,28/06/1940,British India (now Bangladesh),Chittagong,BD,0000-00-00,,,,,,
2006,808,Orhan,Pamuk,literature,1,"""who in the quest for the melancholic soul of his native city has discovered new symbols for the clash and interlacing of cultures""",808,male,07/06/1952,Turkey,Istanbul,TR,0000-00-00,,,,,,
2006,807,Edmund S.,Phelps,economics,1,"""for his analysis of intertemporal tradeoffs in macroeconomic policy""",807,male,26/07/1933,USA,Evanston IL,US,0000-00-00,,,,Columbia University,New York NY,USA
2006,806,Roger D.,Kornberg,chemistry,1,"""for his studies of the molecular basis of eukaryotic transcription""",806,male,24/04/1947,USA,St. Louis MO,US,0000-00-00,,,,Stanford University,Stanford CA,USA
2006,805,George F.,Smoot,physics,2,"""for their discovery of the blackbody form and anisotropy of the cosmic microwave background radiation""",805,male,20/02/1945,USA,Yukon FL,US,0000-00-00,,,,University of California,Berkeley CA,USA
2006,803,Craig C.,Mello,medicine,2,"""for their discovery of RNA interference - gene silencing by double-stranded RNA""",803,male,18/10/1960,USA,New Haven CT,US,0000-00-00,,,,University of Massachusetts Medical School,Worcester MA,USA
2006,802,Andrew Z.,Fire,medicine,2,"""for their discovery of RNA interference - gene silencing by double-stranded RNA""",802,male,27/04/1959,USA,Stanford CA,US,0000-00-00,,,,Stanford University School of Medicine,Stanford CA,USA
2006,804,John C.,Mather,physics,2,"""for their discovery of the blackbody form and anisotropy of the cosmic microwave background radiation""",804,male,07/08/1946,USA,Roanoke VA,US,0000-00-00,,,,NASA Goddard Space Flight Center,Greenbelt MD,USA
2007,822,Roger B.,Myerson,economics,3,"""for having laid the foundations of mechanism design theory""",822,male,29/03/1951,USA,Boston MA,US,0000-00-00,,,,University of Chicago,Chicago IL,USA
2007,821,Eric S.,Maskin,economics,3,"""for having laid the foundations of mechanism design theory""",821,male,12/12/1950,USA,New York NY,US,0000-00-00,,,,Institute for Advanced Study,Princeton NJ,USA
2007,820,Leonid,Hurwicz,economics,3,"""for having laid the foundations of mechanism design theory""",820,male,21/08/1917,Russia,Moscow,RU,24/06/2008,USA,Minneapolis MN,US,University of Minnesota,Minneapolis MN,USA
2007,819,Al,Gore,peace,2,"""for their efforts to build up and disseminate greater knowledge about man-made climate change and to lay the foundations for the measures that are needed to counteract such change""",819,male,31/03/1948,USA,Washington D.C.,US,0000-00-00,,,,,,
2007,818,Intergovernmental Panel on Climate Change,,peace,2,"""for their efforts to build up and disseminate greater knowledge about man-made climate change and to lay the foundations for the measures that are needed to counteract such change""",818,org,1988-00-00,,,,0000-00-00,,,,,,
2007,816,Gerhard,Ertl,chemistry,1,"""for his studies of chemical processes on solid surfaces""",816,male,10/10/1936,Germany,Bad Cannstatt,DE,0000-00-00,,,,Fritz-Haber-Institut der Max-Planck-Gesellschaft,Berlin,Germany
2007,817,Doris,Lessing,literature,1,"""that epicist of the female experience who with scepticism fire and visionary power has subjected a divided civilisation to scrutiny""",817,female,22/10/1919,Persia (now Iran),Kermanshah,IR,17/11/2013,United Kingdom,London,GB,,,
2007,814,Albert,Fert,physics,2,"""for the discovery of Giant Magnetoresistance""",814,male,07/03/1938,France,Carcassonne,FR,0000-00-00,,,,Universit&eacute; Paris-Sud,Orsay,France
2007,813,Oliver,Smithies,medicine,3,"""for their discoveries of principles for introducing specific gene modifications in mice by the use of embryonic stem cells""",813,male,23/06/1925,United Kingdom,Halifax,GB,10/01/2017,USA,Chapel Hill NC,US,University of North Carolina,Chapel Hill NC,USA
2007,812,Sir Martin J.,Evans,medicine,3,"""for their discoveries of principles for introducing specific gene modifications in mice by the use of embryonic stem cells""",812,male,01/01/1941,United Kingdom,Stroud,GB,0000-00-00,,,,Cardiff University,Cardiff,United Kingdom
2007,811,Mario R.,Capecchi,medicine,3,"""for their discoveries of principles for introducing specific gene modifications in mice by the use of embryonic stem cells""",811,male,06/10/1937,Italy,Verona,IT,0000-00-00,,,,University of Utah,Salt Lake City UT,USA
2007,815,Peter,Grünberg,physics,2,"""for the discovery of Giant Magnetoresistance""",815,male,18/05/1939,Czechoslovakia (now Czech Republic),Plzen,CZ,09/04/2018,Germany,Jülich,DE,Forschungszentrum J&uuml;lich,Jülich,Germany
2008,833,Martti,Ahtisaari,peace,1,"""for his important efforts on several continents and over more than three decades to resolve international conflicts""",833,male,23/06/1937,Finland,Viipuri (now Vyborg),FI,0000-00-00,,,,,,
2008,832,Jean-Marie Gustave,Le Clézio,literature,1,"""author of new departures poetic adventure and sensual ecstasy explorer of a humanity beyond and below the reigning civilization""",832,male,13/04/1940,France,Nice,FR,0000-00-00,,,,,,
2008,831,Roger Y.,Tsien,chemistry,3,"""for the discovery and development of the green fluorescent protein GFP""",831,male,01/02/1952,USA,New York NY,US,24/08/2016,USA,Eugene OR,US,University of California,San Diego CA,USA
2008,830,Martin,Chalfie,chemistry,3,"""for the discovery and development of the green fluorescent protein GFP""",830,male,15/01/1947,USA,Chicago IL,US,0000-00-00,,,,Columbia University,New York NY,USA
2008,829,Osamu,Shimomura,chemistry,3,"""for the discovery and development of the green fluorescent protein GFP""",829,male,27/08/1928,Japan,Kyoto,JP,19/10/2018,Japan,Nagasaki,JP,Marine Biological Laboratory (MBL),Woods Hole MA,USA
2008,828,Toshihide,Maskawa,physics,4,"""for the discovery of the origin of the broken symmetry which predicts the existence of at least three families of quarks in nature""",828,male,07/02/1940,Japan,Nagoya,JP,23/07/2021,Japan,Kyoto,JP,Kyoto Sangyo University,Kyoto,Japan
2008,834,Paul,Krugman,economics,1,"""for his analysis of trade patterns and location of economic activity""",834,male,28/02/1953,USA,New York NY,US,0000-00-00,,,,Princeton University,Princeton NJ,USA
2008,826,Yoichiro,Nambu,physics,2,"""for the discovery of the mechanism of spontaneous broken symmetry in subatomic physics""",826,male,18/01/1921,Japan,Tokyo,JP,05/07/2015,Japan,Osaka,JP,Enrico Fermi Institute University of Chicago,Chicago IL,USA
2008,825,Luc,Montagnier,medicine,4,"""for their discovery of human immunodeficiency virus""",825,male,18/08/1932,France,Chabris,FR,08/02/2022,France,Paris,FR,World Foundation for AIDS Research and Prevention,Paris,France
2008,824,Françoise,Barré-Sinoussi,medicine,4,"""for their discovery of human immunodeficiency virus""",824,female,30/07/1947,France,Paris,FR,0000-00-00,,,,Regulation of Retroviral Infections Unit Virology Department Institut Pasteur,Paris,France
2008,823,Harald,zur Hausen,medicine,2,"""for his discovery of human papilloma viruses causing cervical cancer""",823,male,11/03/1936,Germany,Gelsenkirchen,DE,0000-00-00,,,,German Cancer Research Center,Heidelberg,Germany
2008,827,Makoto,Kobayashi,physics,4,"""for the discovery of the origin of the broken symmetry which predicts the existence of at least three families of quarks in nature""",827,male,07/04/1944,Japan,Nagoya,JP,0000-00-00,,,,High Energy Accelerator Research Organization (KEK),Tsukuba,Japan
2009,847,Oliver E.,Williamson,economics,2,"""for his analysis of economic governance especially the boundaries of the firm""",847,male,27/09/1932,USA,Superior WI,US,0000-00-00,,,,University of California,Berkeley CA,USA
2009,846,Elinor,Ostrom,economics,2,"""for her analysis of economic governance especially the commons""",846,female,07/08/1933,USA,Los Angeles CA,US,12/06/2012,USA,Bloomington IN,US,Indiana University,Bloomington IN,USA
2009,845,Barack,Obama,peace,1,"""for his extraordinary efforts to strengthen international diplomacy and cooperation between peoples""",845,male,04/08/1961,USA,Honolulu HI,US,0000-00-00,,,,,,
2009,844,Herta,Müller,literature,1,"""who with the concentration of poetry and the frankness of prose depicts the landscape of the dispossessed""",844,female,17/08/1953,Romania,Nitzkydorf Banat,RO,0000-00-00,,,,,,
2009,843,Ada E.,Yonath,chemistry,3,"""for studies of the structure and function of the ribosome""",843,female,22/06/1939,British Mandate of Palestine (now Israel),Jerusalem,IL,0000-00-00,,,,Weizmann Institute of Science,Rehovot,Israel
2009,842,Thomas A.,Steitz,chemistry,3,"""for studies of the structure and function of the ribosome""",842,male,23/08/1940,USA,Milwaukee WI,US,23/08/2018,USA,Branford CT,US,Yale University,New Haven CT,USA
2009,841,Venkatraman,Ramakrishnan,chemistry,3,"""for studies of the structure and function of the ribosome""",841,male,1952-00-00,India,Chidambaram Tamil Nadu,IN,0000-00-00,,,,MRC Laboratory of Molecular Biology,Cambridge,United Kingdom
2009,840,George E.,Smith,physics,4,"""for the invention of an imaging semiconductor circuit - the CCD sensor""",840,male,10/05/1930,USA,White Plains NY,US,0000-00-00,,,,Bell Laboratories,Murray Hill NJ,USA
2009,838,Charles K.,Kao,physics,2,"""for groundbreaking achievements concerning the transmission of light in fibers for optical communication""",838,male,04/11/1933,China,Shanghai,CN,23/09/2018,,Hong Kong,,Standard Telecommunication Laboratories,Harlow,United Kingdom
2009,837,Jack W.,Szostak,medicine,3,"""for the discovery of how chromosomes are protected by telomeres and the enzyme telomerase""",837,male,09/11/1952,United Kingdom,London,GB,0000-00-00,,,,Harvard Medical School,Boston MA,USA
2009,836,Carol W.,Greider,medicine,3,"""for the discovery of how chromosomes are protected by telomeres and the enzyme telomerase""",836,female,15/04/1961,USA,San Diego CA,US,0000-00-00,,,,Johns Hopkins University School of Medicine,Baltimore MD,USA
2009,835,Elizabeth H.,Blackburn,medicine,3,"""for the discovery of how chromosomes are protected by telomeres and the enzyme telomerase""",835,female,26/11/1948,Australia,Hobart Tasmania,AU,0000-00-00,,,,University of California,San Francisco CA,USA
2009,839,Willard S.,Boyle,physics,4,"""for the invention of an imaging semiconductor circuit - the CCD sensor""",839,male,19/08/1924,Canada,Amherst NS,CA,07/05/2011,Canada,Truro NS,CA,Bell Laboratories,Murray Hill NJ,USA
2010,857,Dale T.,Mortensen,economics,3,"""for their analysis of markets with search frictions""",857,male,02/02/1939,USA,Enterprise OR,US,09/01/2014,USA,Wilmette IL,US,Northwestern University,Evanston IL,USA
2010,854,Mario,Vargas Llosa,literature,1,"""for his cartography of structures of power and his trenchant images of the individual's resistance revolt and defeat""",854,male,28/03/1936,Peru,Arequipa,PE,0000-00-00,,,,,,
2010,858,Christopher A.,Pissarides,economics,3,"""for their analysis of markets with search frictions""",858,male,20/02/1948,Cyprus,Nicosia,CY,0000-00-00,,,,London School of Economics and Political Science,London,United Kingdom
2010,855,Xiaobo,Liu,peace,1,"""for his long and non-violent struggle for fundamental human rights in China""",855,male,28/12/1955,China,Changchun,CN,13/07/2017,China,Shenyang,CN,,,
2010,853,Akira,Suzuki,chemistry,3,"""for palladium-catalyzed cross couplings in organic synthesis""",853,male,12/09/1930,Japan,Mukawa,JP,0000-00-00,,,,Hokkaido University,Sapporo,Japan
2010,856,Peter A.,Diamond,economics,3,"""for their analysis of markets with search frictions""",856,male,29/04/1940,USA,New York NY,US,0000-00-00,,,,Massachusetts Institute of Technology (MIT),Cambridge MA,USA
2010,851,Richard F.,Heck,chemistry,3,"""for palladium-catalyzed cross couplings in organic synthesis""",851,male,15/08/1931,USA,Springfield MA,US,09/10/2015,Philippines,Manila,PH,University of Delaware,,USA
2010,850,Konstantin,Novoselov,physics,2,"""for groundbreaking experiments regarding the two-dimensional material graphene""",850,male,23/08/1974,Russia,Nizhny Tagil,RU,0000-00-00,,,,University of Manchester,Manchester,United Kingdom
2010,849,Andre,Geim,physics,2,"""for groundbreaking experiments regarding the two-dimensional material graphene""",849,male,21/10/1958,Russia,Sochi,RU,0000-00-00,,,,University of Manchester,Manchester,United Kingdom
2010,848,Robert G.,Edwards,medicine,1,"""for the development of in vitro fertilization""",848,male,27/09/1925,United Kingdom,Batley,GB,10/04/2013,United Kingdom,Cambridge,GB,University of Cambridge,Cambridge,United Kingdom
2010,852,Ei-ichi,Negishi,chemistry,3,"""for palladium-catalyzed cross couplings in organic synthesis""",852,male,14/07/1935,China,Changchun,CN,06/06/2021,USA,Indianapolis IN,US,Purdue University,West Lafayette IN,USA
2011,873,Christopher A.,Sims,economics,2,"""for their empirical research on cause and effect in the macroeconomy""",873,male,21/10/1942,USA,Washington D.C.,US,0000-00-00,,,,Princeton University,Princeton NJ,USA
2011,871,Tawakkol,Karman,peace,3,"""for their non-violent struggle for the safety of women and for women's rights to full participation in peace-building work""",871,female,07/02/1979,Yemen,Ta'izz,YE,0000-00-00,,,,,,
2011,870,Leymah,Gbowee,peace,3,"""for their non-violent struggle for the safety of women and for women's rights to full participation in peace-building work""",870,female,01/02/1972,Liberia,Monrovia,LR,0000-00-00,,,,,,
2011,869,Ellen,Johnson Sirleaf,peace,3,"""for their non-violent struggle for the safety of women and for women's rights to full participation in peace-building work""",869,female,29/10/1938,Liberia,Monrovia,LR,0000-00-00,,,,,,
2011,868,Tomas,Tranströmer,literature,1,"""because through his condensed translucent images he gives us fresh access to reality""",868,male,15/04/1931,Sweden,Stockholm,SE,26/03/2015,Sweden,Stockholm,SE,,,
2011,867,Dan,Shechtman,chemistry,1,"""for the discovery of quasicrystals""",867,male,24/01/1941,British Mandate of Palestine (now Israel),Tel Aviv,IL,0000-00-00,,,,Technion - Israel Institute of Technology,Haifa,Israel
2011,872,Thomas J.,Sargent,economics,2,"""for their empirical research on cause and effect in the macroeconomy""",872,male,19/07/1943,USA,Pasadena CA,US,0000-00-00,,,,New York University,New York NY,USA
2011,865,Brian P.,Schmidt,physics,4,"""for the discovery of the accelerating expansion of the Universe through observations of distant supernovae""",865,male,24/02/1967,USA,Missoula MT,US,0000-00-00,,,,Australian National University,Weston Creek,Australia
2011,864,Saul,Perlmutter,physics,2,"""for the discovery of the accelerating expansion of the Universe through observations of distant supernovae""",864,male,1959-00-00,USA,Champaign-Urbana IL,US,0000-00-00,,,,Lawrence Berkeley National Laboratory,Berkeley CA,USA
2011,863,Ralph M.,Steinman,medicine,2,"""for his discovery of the dendritic cell and its role in adaptive immunity""",863,male,14/01/1943,Canada,Montreal,CA,30/09/2011,USA,New York NY,US,Rockefeller University,New York NY,USA
2011,862,Jules A.,Hoffmann,medicine,4,"""for their discoveries concerning the activation of innate immunity""",862,male,02/08/1941,Luxembourg,Echternach,LU,0000-00-00,,,,University of Strasbourg,Strasbourg,France
2011,861,Bruce A.,Beutler,medicine,4,"""for their discoveries concerning the activation of innate immunity""",861,male,29/12/1957,USA,Chicago IL,US,0000-00-00,,,,University of Texas Southwestern Medical Center at Dallas,Dallas TX,USA
2011,866,Adam G.,Riess,physics,4,"""for the discovery of the accelerating expansion of the Universe through observations of distant supernovae""",866,male,16/12/1969,USA,Washington D.C.,US,0000-00-00,,,,Johns Hopkins University,Baltimore MD,USA
2012,883,Lloyd S.,Shapley,economics,2,"""for the theory of stable allocations and the practice of market design""",883,male,02/06/1923,USA,Cambridge MA,US,12/03/2016,USA,Tucson AZ,US,University of California,Los Angeles CA,USA
2012,882,Alvin E.,Roth,economics,2,"""for the theory of stable allocations and the practice of market design""",882,male,18/12/1951,USA,New York NY,US,0000-00-00,,,,Harvard University,Cambridge MA,USA
2012,881,European Union,,peace,1,"""for over six decades contributed to the advancement of peace and reconciliation democracy and human rights in Europe""",881,org,1952-00-00,,,,0000-00-00,,,,,,
2012,880,Mo,Yan,literature,1,"""who with hallucinatory realism merges folk tales history and the contemporary""",880,male,02/02/1955,China,Gaomi,CN,0000-00-00,,,,,,
2012,879,Brian,Kobilka,chemistry,2,"""for studies of G-protein-coupled receptors""",879,male,30/05/1955,USA,Little Falls MN,US,0000-00-00,,,,Stanford University School of Medicine,Stanford CA,USA
2012,878,Robert J.,Lefkowitz,chemistry,2,"""for studies of G-protein-coupled receptors""",878,male,15/04/1943,USA,New York NY,US,0000-00-00,,,,Howard Hughes Medical Institute,,USA
2012,876,Serge,Haroche,physics,2,"""for ground-breaking experimental methods that enable measuring and manipulation of individual quantum systems""",876,male,11/09/1944,Morocco,Casablanca,MA,0000-00-00,,,,Collège de France,Paris,France
2012,875,Shinya,Yamanaka,medicine,2,"""for the discovery that mature cells can be reprogrammed to become pluripotent""",875,male,04/09/1962,Japan,Osaka,JP,0000-00-00,,,,Kyoto University,Kyoto,Japan
2012,874,Sir John B.,Gurdon,medicine,2,"""for the discovery that mature cells can be reprogrammed to become pluripotent""",874,male,02/10/1933,United Kingdom,Dippenhall,GB,0000-00-00,,,,Gurdon Institute,Cambridge,United Kingdom
2012,877,David J.,Wineland,physics,2,"""for ground-breaking experimental methods that enable measuring and manipulation of individual quantum systems""",877,male,24/02/1944,USA,Milwaukee WI,US,0000-00-00,,,,National Institute of Standards and Technology,Boulder CO,USA
2013,896,Robert J.,Shiller,economics,3,"""for their empirical analysis of asset prices""",896,male,29/03/1946,USA,Detroit MI,US,0000-00-00,,,,Yale University,New Haven CT,USA
2013,891,Arieh,Warshel,chemistry,3,"""for the development of multiscale models for complex chemical systems""",891,male,20/11/1940,British Mandate of Palestine (now Israel),Kibbutz Sde-Nahum,IL,0000-00-00,,,,University of Southern California,Los Angeles CA,USA
2013,895,Lars Peter,Hansen,economics,3,"""for their empirical analysis of asset prices""",895,male,26/10/1952,USA,Urbana IL,US,0000-00-00,,,,University of Chicago,Chicago IL,USA
2013,894,Eugene F.,Fama,economics,3,"""for their empirical analysis of asset prices""",894,male,14/02/1939,USA,Boston MA,US,0000-00-00,,,,University of Chicago,Chicago IL,USA
2013,893,Organisation for the Prohibition of Chemical Weapons,,peace,1,"""for its extensive efforts to eliminate chemical weapons""",893,org,1997-00-00,,,,0000-00-00,,,,,,
2013,892,Alice,Munro,literature,1,"""master of the contemporary short story""",892,female,10/07/1931,Canada,Wingham,CA,0000-00-00,,,,,,
2013,890,Michael,Levitt,chemistry,3,"""for the development of multiscale models for complex chemical systems""",890,male,09/05/1947,South Africa,Pretoria,ZA,0000-00-00,,,,Stanford University School of Medicine,Stanford CA,USA
2013,889,Martin,Karplus,chemistry,3,"""for the development of multiscale models for complex chemical systems""",889,male,15/03/1930,Austria,Vienna,AT,0000-00-00,,,,Université de Strasbourg,Strasbourg,France
2013,888,Peter,Higgs,physics,2,"""for the theoretical discovery of a mechanism that contributes to our understanding of the origin of mass of subatomic particles and which recently was confirmed through the discovery of the predicted fundamental particle by the ATLAS and CMS experiments at CERN's Large Hadron Collider""",888,male,29/05/1929,United Kingdom,Newcastle upon Tyne,GB,0000-00-00,,,,University of Edinburgh,Edinburgh,United Kingdom
2013,887,François,Englert,physics,2,"""for the theoretical discovery of a mechanism that contributes to our understanding of the origin of mass of subatomic particles and which recently was confirmed through the discovery of the predicted fundamental particle by the ATLAS and CMS experiments at CERN's Large Hadron Collider""",887,male,06/11/1932,Belgium,Etterbeek,BE,0000-00-00,,,,Université Libre de Bruxelles,Brussels,Belgium
2013,886,Thomas C.,Südhof,medicine,3,"""for their discoveries of machinery regulating vesicle traffic a major transport system in our cells""",886,male,22/12/1955,Germany,Göttingen,DE,0000-00-00,,,,Stanford University,Stanford CA,USA
2013,885,Randy W.,Schekman,medicine,3,"""for their discoveries of machinery regulating vesicle traffic a major transport system in our cells""",885,male,30/12/1948,USA,St. Paul MN,US,0000-00-00,,,,University of California,Berkeley CA,USA
2013,884,James E.,Rothman,medicine,3,"""for their discoveries of machinery regulating vesicle traffic a major transport system in our cells""",884,male,03/11/1950,USA,Haverhill MA,US,0000-00-00,,,,Yale University,New Haven CT,USA
2014,915,Jean,Tirole,economics,1,"""for his analysis of market power and regulation""",915,male,09/08/1953,France,Troyes,FR,0000-00-00,,,,Toulouse School of Economics (TSE),Toulouse,France
2014,914,Malala,Yousafzai,peace,2,"""for their struggle against the suppression of children and young people and for the right of all children to education""",914,female,12/07/1997,Pakistan,Mingora,PK,0000-00-00,,,,,,
2014,912,Patrick,Modiano,literature,1,"""for the art of memory with which he has evoked the most ungraspable human destinies and
uncovered the life-world of the occupation""",912,male,30/07/1945,France,Paris,FR,0000-00-00,,,,,,
2014,911,William E.,Moerner,chemistry,3,"""for the development of super-resolved fluorescence microscopy""",911,male,24/06/1953,USA,Pleasanton CA,US,0000-00-00,,,,Stanford University,Stanford CA,USA
2014,910,Stefan W.,Hell,chemistry,3,"""for the development of super-resolved fluorescence microscopy""",910,male,23/12/1962,Romania,Arad,RO,0000-00-00,,,,Max Planck Institute for Biophysical Chemistry,Göttingen,Germany
2014,909,Eric,Betzig,chemistry,3,"""for the development of super-resolved fluorescence microscopy""",909,male,13/01/1960,USA,Ann Arbor MI,US,0000-00-00,,,,Janelia Research Campus Howard Hughes Medical Institute,Ashburn VA,USA
2014,913,Kailash,Satyarthi,peace,2,"""for their struggle against the suppression of children and young people and for the right of all children to education""",913,male,11/01/1954,India,Vidisha,IN,0000-00-00,,,,,,
2014,907,Hiroshi,Amano,physics,3,"""for the invention of efficient blue light-emitting diodes which has enabled bright and energy-saving white light sources""",907,male,11/09/1960,Japan,Hamamatsu,JP,0000-00-00,,,,Nagoya University,Nagoya,Japan
2014,906,Isamu,Akasaki,physics,3,"""for the invention of efficient blue light-emitting diodes which has enabled bright and energy-saving white light sources""",906,male,30/01/1929,Japan,Chiran,JP,01/04/2021,Japan,Nagoya,JP,Meijo University,Nagoya,Japan
2014,905,Edvard I.,Moser,medicine,4,"""for their discoveries of cells that constitute a positioning system in the brain""",905,male,27/04/1962,Norway,Ålesund,NO,0000-00-00,,,,Norwegian University of Science and Technology (NTNU),Trondheim,Norway
2014,904,May-Britt,Moser,medicine,4,"""for their discoveries of cells that constitute a positioning system in the brain""",904,female,04/01/1963,Norway,Fosnavåg,NO,0000-00-00,,,,Norwegian University of Science and Technology (NTNU),Trondheim,Norway
2014,903,John,O'Keefe,medicine,2,"""for their discoveries of cells that constitute a positioning system in the brain""",903,male,18/11/1939,USA,New York NY,US,0000-00-00,,,,University College,London,United Kingdom
2014,908,Shuji,Nakamura,physics,3,"""for the invention of efficient blue light-emitting diodes which has enabled bright and energy-saving white light sources""",908,male,22/05/1954,Japan,Ikata,JP,0000-00-00,,,,University of California,Santa Barbara CA,USA
2015,926,Angus,Deaton,economics,1,"""for his analysis of consumption poverty and welfare""",926,male,19/10/1945,Scotland,Edinburgh,GB,0000-00-00,,,,Princeton University,Princeton NJ,USA
2015,925,National Dialogue Quartet,,peace,1,"""for its decisive contribution to the building of a pluralistic democracy in Tunisia in the wake of the Jasmine Revolution of 2011""",925,org,2013-00-00,,,,0000-00-00,,,,,,
2015,924,Svetlana,Alexievich,literature,1,"""for her polyphonic writings a monument to suffering and courage in our time""",924,female,31/05/1948,Ukraine,Ivano-Frankivsk,UA,0000-00-00,,,,,,
2015,923,Aziz,Sancar,chemistry,3,"""for mechanistic studies of DNA repair""",923,male,08/09/1946,Turkey,Savur,TR,0000-00-00,,,,University of North Carolina,Chapel Hill NC,USA
2015,922,Paul,Modrich,chemistry,3,"""for mechanistic studies of DNA repair""",922,male,13/06/1946,USA,Raton NM,US,0000-00-00,,,,Howard Hughes Medical Institute,Durham NC,USA
2015,921,Tomas,Lindahl,chemistry,3,"""for mechanistic studies of DNA repair""",921,male,28/01/1938,Sweden,Stockholm,SE,0000-00-00,,,,Francis Crick Institute,Hertfordshire,United Kingdom
2015,919,Takaaki,Kajita,physics,2,"""for the discovery of neutrino oscillations which shows that neutrinos have mass""",919,male,09/03/1959,Japan,Higashimatsuyama,JP,0000-00-00,,,,University of Tokyo,Kashiwa,Japan
2015,918,Youyou,Tu,medicine,2,"""for her discoveries concerning a novel therapy against Malaria""",918,female,30/12/1930,China,Zhejiang Ningbo,CN,0000-00-00,,,,China Academy of Traditional Chinese Medicine,Beijing,China
2015,917,Satoshi,Ōmura,medicine,4,"""for their discoveries concerning a novel therapy against infections caused by roundworm parasites""",917,male,12/07/1935,Japan,Yamanashi Prefecture,JP,0000-00-00,,,,Kitasato University,Tokyo,Japan
2015,916,William C.,Campbell,medicine,4,"""for their discoveries concerning a novel therapy against infections caused by roundworm parasites""",916,male,28/06/1930,Ireland,Ramelton,IE,0000-00-00,,,,Drew University,Madison NJ,USA
2015,920,Arthur B.,McDonald,physics,2,"""for the discovery of neutrino oscillations which shows that neutrinos have mass""",920,male,29/08/1943,Canada,Sydney,CA,0000-00-00,,,,Queen's University,Kingston,Canada
2016,936,Bengt,Holmström,economics,2,"""for their contributions to contract theory""",936,male,18/04/1949,Finland,Helsinki,FI,0000-00-00,,,,Massachusetts Institute of Technology (MIT),Cambridge MA,USA
2016,933,Bernard L.,Feringa,chemistry,3,"""for the design and synthesis of molecular machines""",933,male,18/05/1951,the Netherlands,Barger-Compascuum,NL,0000-00-00,,,,University of Groningen,Groningen,the Netherlands
2016,935,Oliver,Hart,economics,2,"""for their contributions to contract theory""",935,male,09/10/1948,United Kingdom,London,GB,0000-00-00,,,,Harvard University,Cambridge MA,USA
2016,934,Juan Manuel,Santos,peace,1,"""for his resolute efforts to bring the country's more than 50-year-long civil war to an end""",934,male,10/08/1951,Colombia,Bogotá,CO,0000-00-00,,,,,,
2016,932,Sir J. Fraser,Stoddart,chemistry,3,"""for the design and synthesis of molecular machines""",932,male,24/05/1942,United Kingdom,Edinburgh,GB,0000-00-00,,,,Northwestern University,Evanston IL,USA
2016,937,Bob,Dylan,literature,1,"""for having created new poetic expressions within the great American song tradition""",937,male,24/05/1941,USA,Duluth MN,US,0000-00-00,,,,,,
2016,930,J. Michael,Kosterlitz,physics,4,"""for theoretical discoveries of topological phase transitions and topological phases of matter""",930,male,22/06/1943,United Kingdom,Aberdeen,GB,0000-00-00,,,,Brown University,Providence RI,USA
2016,929,F. Duncan M.,Haldane,physics,4,"""for theoretical discoveries of topological phase transitions and topological phases of matter""",929,male,14/09/1951,United Kingdom,London,GB,0000-00-00,,,,Princeton University,Princeton NJ,USA
2016,928,David J.,Thouless,physics,2,"""for theoretical discoveries of topological phase transitions and topological phases of matter""",928,male,21/09/1934,United Kingdom,Bearsden,GB,06/04/2019,United Kingdom,Cambridge,GB,University of Washington,Seattle WA,USA
2016,927,Yoshinori,Ohsumi,medicine,1,"""for his discoveries of mechanisms for autophagy""",927,male,09/02/1945,Japan,Fukuoka,JP,0000-00-00,,,,Tokyo Institute of Technology,Tokyo,Japan
2016,931,Jean-Pierre,Sauvage,chemistry,3,"""for the design and synthesis of molecular machines""",931,male,21/10/1944,France,Paris,FR,0000-00-00,,,,University of Strasbourg,Strasbourg,France
2017,948,International Campaign to Abolish Nuclear Weapons,,peace,1,"""for its work to draw attention to the catastrophic humanitarian consequences of any use of nuclear weapons and for its ground-breaking efforts to achieve a treaty-based prohibition of such weapons""",948,org,2007-00-00,,,,0000-00-00,,,,,,
2017,947,Kazuo,Ishiguro,literature,1,"""who in novels of great emotional force has uncovered the abyss beneath our illusory sense of connection with the world""",947,male,08/11/1954,Japan,Nagasaki,JP,0000-00-00,,,,,,
2017,946,Richard,Henderson,chemistry,3,"""for developing cryo-electron microscopy for the high-resolution structure determination of biomolecules in solution""",946,male,19/07/1945,Scotland,Edinburgh,GB,0000-00-00,,,,MRC Laboratory of Molecular Biology,Cambridge,United Kingdom
2017,945,Joachim,Frank,chemistry,3,"""for developing cryo-electron microscopy for the high-resolution structure determination of biomolecules in solution""",945,male,12/09/1940,Germany,Siegen,DE,0000-00-00,,,,Columbia University,New York NY,USA
2017,944,Jacques,Dubochet,chemistry,3,"""for developing cryo-electron microscopy for the high-resolution structure determination of biomolecules in solution""",944,male,08/06/1942,Switzerland,Aigle,CH,0000-00-00,,,,University of Lausanne,Lausanne,Switzerland
2017,943,Kip S.,Thorne,physics,4,"""for decisive contributions to the LIGO detector and the observation of gravitational waves""",943,male,01/06/1940,USA,Logan UT,US,0000-00-00,,,,LIGO/VIRGO Collaboration,,
2017,949,Richard H.,Thaler,economics,1,"""for his contributions to behavioural economics""",949,male,12/09/1945,USA,East Orange NJ,US,0000-00-00,,,,University of Chicago,Chicago IL,USA
2017,941,Rainer,Weiss,physics,2,"""for decisive contributions to the LIGO detector and the observation of gravitational waves""",941,male,29/09/1932,Germany,Berlin,DE,0000-00-00,,,,LIGO/VIRGO Collaboration,,
2017,940,Michael W.,Young,medicine,3,"""for their discoveries of molecular mechanisms controlling the circadian rhythm""",940,male,28/03/1949,USA,Miami FL,US,0000-00-00,,,,Rockefeller University,New York NY,USA
2017,939,Michael,Rosbash,medicine,3,"""for their discoveries of molecular mechanisms controlling the circadian rhythm""",939,male,07/03/1944,USA,Kansas City MO,US,0000-00-00,,,,Brandeis University,Waltham MA,USA
2017,938,Jeffrey C.,Hall,medicine,3,"""for their discoveries of molecular mechanisms controlling the circadian rhythm""",938,male,03/05/1945,USA,New York NY,US,0000-00-00,,,,University of Maine,Maine ME,USA
2017,942,Barry C.,Barish,physics,4,"""for decisive contributions to the LIGO detector and the observation of gravitational waves""",942,male,27/01/1936,USA,Omaha NE,US,0000-00-00,,,,LIGO/VIRGO Collaboration,,
2018,979,Olga,Tokarczuk,literature,1,"""for a narrative imagination that with encyclopedic passion represents the crossing of boundaries as a form of life""",979,female,29/01/1962,Poland,Sulechów,PL,0000-00-00,,,,,,
2018,969,Paul M.,Romer,economics,2,"""for integrating technological innovations into long-run macroeconomic analysis""",969,male,1955-00-00,USA,Denver CO,US,0000-00-00,,,,NYU Stern School of Business,New York NY,USA
2018,968,William D.,Nordhaus,economics,2,"""for integrating climate change into long-run macroeconomic analysis""",968,male,31/05/1941,USA,Albuquerque NM,US,0000-00-00,,,,Yale University,New Haven CT,USA
2018,967,Nadia,Murad,peace,2,"""for their efforts to end the use of sexual violence as a weapon of war and armed conflict""",967,female,1993-00-00,Iraq,Kojo,IQ,0000-00-00,,,,,,
2018,966,Denis,Mukwege,peace,2,"""for their efforts to end the use of sexual violence as a weapon of war and armed conflict""",966,male,01/03/1955,Belgian Congo (now Democratic Republic of the Congo),Bukavu,CD,0000-00-00,,,,,,
2018,965,Sir Gregory P.,Winter,chemistry,4,"""for the phage display of peptides and antibodies""",965,male,14/04/1951,United Kingdom,Leicester,GB,0000-00-00,,,,MRC Laboratory of Molecular Biology,Cambridge,United Kingdom
2018,964,George P.,Smith,chemistry,4,"""for the phage display of peptides and antibodies""",964,male,10/03/1941,USA,Norwalk CT,US,0000-00-00,,,,University of Missouri,Columbia,USA
2018,963,Frances H.,Arnold,chemistry,2,"""for the directed evolution of enzymes""",963,female,25/07/1956,USA,Pittsburgh PA,US,0000-00-00,,,,California Institute of Technology (Caltech),Pasadena CA,USA
2018,961,Gérard,Mourou,physics,4,"""for their method of generating high-intensity ultra-short optical pulses""",961,male,22/06/1944,France,Albertville,FR,0000-00-00,,,,École Polytechnique,Palaiseau,France
2018,960,Arthur,Ashkin,physics,2,"""for the optical tweezers and their application to biological systems""",960,male,02/09/1922,USA,New York NY,US,21/09/2020,USA,Rumson NJ,US,Bell Laboratories,Holmdel NJ,USA
2018,959,Tasuku,Honjo,medicine,2,"""for their discovery of cancer therapy by inhibition of negative immune regulation""",959,male,27/01/1942,Japan,Kyoto,JP,0000-00-00,,,,Kyoto University,Kyoto,Japan
2018,958,James P.,Allison,medicine,2,"""for their discovery of cancer therapy by inhibition of negative immune regulation""",958,male,07/08/1948,USA,Alice TX,US,0000-00-00,,,,Parker Institute for Cancer Immunotherapy,San Francisco CA,USA
2018,962,Donna,Strickland,physics,4,"""for their method of generating high-intensity ultra-short optical pulses""",962,female,27/05/1959,Canada,Guelph,CA,0000-00-00,,,,University of Waterloo,Waterloo,Canada
2019,978,Akira,Yoshino,chemistry,3,"""for the development of lithium-ion batteries""",978,male,30/01/1948,Japan,Suita,JP,0000-00-00,,,,Asahi Kasei Corporation,Tokyo,Japan
2019,982,Abhijit,Banerjee,economics,3,"""for their experimental approach to alleviating global poverty""",982,male,21/02/1961,India,Mumbai,IN,0000-00-00,,,,Massachusetts Institute of Technology (MIT),Cambridge MA,USA
2019,984,Michael,Kremer,economics,3,"""for their experimental approach to alleviating global poverty""",984,male,12/11/1964,USA,New York NY,US,0000-00-00,,,,Harvard University,Cambridge MA,USA
2019,980,Peter,Handke,literature,1,"""for an influential work that with linguistic ingenuity has explored the periphery and the specificity of human experience""",980,male,06/12/1942,Austria,Griffen,AT,0000-00-00,,,,,,
2019,983,Esther,Duflo,economics,3,"""for their experimental approach to alleviating global poverty""",983,female,25/10/1972,France,Paris,FR,0000-00-00,,,,Massachusetts Institute of Technology (MIT),Cambridge MA,USA
2019,977,M. Stanley,Whittingham,chemistry,3,"""for the development of lithium-ion batteries""",977,male,22/12/1941,United Kingdom,,GB,0000-00-00,,,,Binghamton University State University of New York,New York NY,USA
2019,981,Abiy,Ahmed Ali,peace,1,"""for his efforts to achieve peace and international cooperation and in particular for his decisive initiative to resolve the border conflict with neighbouring Eritrea""",981,male,15/08/1976,Ethiopia,Beshasha,ET,0000-00-00,,,,,,
2019,975,Didier,Queloz,physics,4,"""for the discovery of an exoplanet orbiting a solar-type star""",975,male,23/02/1966,Switzerland,Geneva,CH,0000-00-00,,,,University of Geneva,Geneva,Switzerland
2019,974,Michel,Mayor,physics,4,"""for the discovery of an exoplanet orbiting a solar-type star""",974,male,12/01/1942,Switzerland,Lausanne,CH,0000-00-00,,,,University of Geneva,Geneva,Switzerland
2019,973,James,Peebles,physics,2,"""for theoretical discoveries in physical cosmology""",973,male,25/04/1935,Canada,Winnipeg,CA,0000-00-00,,,,Princeton University,Princeton NJ,USA
2019,972,Gregg,Semenza,medicine,3,"""for their discoveries of how cells sense and adapt to oxygen availability""",972,male,12/07/1956,USA,New York NY,US,0000-00-00,,,,Johns Hopkins University,Baltimore MD,USA
2019,971,Peter,Ratcliffe,medicine,3,"""for their discoveries of how cells sense and adapt to oxygen availability""",971,male,14/05/1954,United Kingdom,Lancashire,GB,0000-00-00,,,,University of Oxford,Oxford,United Kingdom
2019,970,William,Kaelin,medicine,3,"""for their discoveries of how cells sense and adapt to oxygen availability""",970,male,23/11/1957,USA,New York NY,US,0000-00-00,,,,Harvard Medical School,Boston MA,USA
2019,976,John,Goodenough,chemistry,3,"""for the development of lithium-ion batteries""",976,male,25/07/1922,Germany,Jena,DE,0000-00-00,,,,University of Texas,Austin TX,USA
2020,996,Robert,Wilson,economics,2,"""for improvements to auction theory and inventions of new auction formats""",996,male,16/05/1937,USA,Geneva NE,US,0000-00-00,,,,Stanford University,Stanford CA,USA
2020,995,Paul,Milgrom,economics,2,"""for improvements to auction theory and inventions of new auction formats""",995,male,20/04/1948,USA,Detroit MI,US,0000-00-00,,,,Stanford University,Stanford CA,USA
2020,994,World Food Programme,,peace,1,"""for its efforts to combat hunger for its contribution to bettering conditions for peace in conflict-affected areas and for acting as a driving force in efforts to prevent the use of hunger as a weapon of war and conflict""",994,org,1961-00-00,,,,0000-00-00,,,,,,
2020,993,Louise,Glück,literature,1,"""for her unmistakable poetic voice that with austere beauty makes individual existence universal""",993,female,22/04/1943,USA,New York NY,US,0000-00-00,,,,,,
2020,992,Jennifer A.,Doudna,chemistry,2,"""for the development of a method for genome editing""",992,female,19/02/1964,USA,Washington D.C.,US,0000-00-00,,,,University of California,Berkeley CA,USA
2020,991,Emmanuelle,Charpentier,chemistry,2,"""for the development of a method for genome editing""",991,female,11/12/1968,France,Juvisy-sur-Orge,FR,0000-00-00,,,,Max Planck Unit for the Science of Pathogens,Berlin,Germany
2020,989,Reinhard,Genzel,physics,4,"""for the discovery of a supermassive compact object at the centre of our galaxy""",989,male,24/03/1952,Germany,Bad Homburg vor der Höhe,DE,0000-00-00,,,,Max Planck Institute for Extraterrestrial Physics,Garching,Germany
2020,988,Roger,Penrose,physics,2,"""for the discovery that black hole formation is a robust prediction of the general theory of relativity""",988,male,08/08/1931,United Kingdom,Colchester,GB,0000-00-00,,,,University of Oxford,Oxford,United Kingdom
2020,987,Charles,Rice,medicine,3,"""for the discovery of Hepatitis C virus""",987,male,25/08/1952,USA,Sacramento CA,US,0000-00-00,,,,Rockefeller University,New York NY,USA
2020,986,Michael,Houghton,medicine,3,"""for the discovery of Hepatitis C virus""",986,male,1949-00-00,United Kingdom,,GB,0000-00-00,,,,University of Alberta,Edmonton,Canada
2020,985,Harvey,Alter,medicine,3,"""for the discovery of Hepatitis C virus""",985,male,12/09/1935,USA,New York NY,US,0000-00-00,,,,National Institutes of Health,Bethesda MD,USA
2020,990,Andrea,Ghez,physics,4,"""for the discovery of a supermassive compact object at the centre of our galaxy""",990,female,16/06/1965,USA,New York NY,US,0000-00-00,,,,University of California,Los Angeles CA,USA
2021,1004,Abdulrazak,Gurnah,literature,1,"""for his uncompromising and compassionate penetration of the effects of colonialism and the fate of the refugee in the gulf between cultures and continents""",1004,male,1948-00-00,,,,0000-00-00,,,,,,
2021,1008,Joshua,Angrist,economics,4,"""for their methodological contributions to the analysis of causal relationships""",1008,male,18/09/1960,USA,Columbus OH,US,0000-00-00,,,,Massachusetts Institute of Technology (MIT),Cambridge MA,USA
2021,1007,David,Card,economics,2,"""for his empirical contributions to labour economics""",1007,male,1956-00-00,Canada,Guelph,CA,0000-00-00,,,,University of California,Berkeley CA,USA
2021,1006,Dmitry,Muratov,peace,2,"""for their efforts to safeguard freedom of expression which is a precondition for democracy and lasting peace""",1006,male,1961-00-00,USSR (now Russia),Kubyshev (now Samara),RU,0000-00-00,,,,,,
2021,1009,Guido,Imbens,economics,4,"""for their methodological contributions to the analysis of causal relationships""",1009,male,03/09/1963,the Netherlands,Geldrop,NL,0000-00-00,,,,Stanford University,Stanford CA,USA
2021,1005,Maria,Ressa,peace,2,"""for their efforts to safeguard freedom of expression which is a precondition for democracy and lasting peace""",1005,female,02/10/1963,Philippines,Manila,PH,0000-00-00,,,,,,
2021,1003,David,MacMillan,chemistry,2,"""for the development of asymmetric organocatalysis""",1003,male,16/03/1968,United Kingdom,Bellshill,GB,0000-00-00,,,,Princeton University,Princeton NJ,USA
2021,999,Syukuro,Manabe,physics,4,"""for the physical modelling of Earth’s climate quantifying variability and reliably predicting global warming""",999,male,21/09/1931,Japan,Shingu Ehime,JP,0000-00-00,,,,Princeton University,Princeton NJ,USA
2021,1001,Giorgio,Parisi,physics,2,"""for the discovery of the interplay of disorder and fluctuations in physical systems from atomic to planetary scales""",1001,male,04/08/1948,Italy,Rome,IT,0000-00-00,,,,Sapienza University of Rome,Rome,Italy
2021,1000,Klaus,Hasselmann,physics,4,"""for the physical modelling of Earth’s climate quantifying variability and reliably predicting global warming""",1000,male,25/10/1931,Germany,Hamburg,DE,0000-00-00,,,,Max Planck Institute for Meteorology,Hamburg,Germany
2021,998,Ardem,Patapoutian,medicine,2,"""for their discoveries of receptors for temperature and touch""",998,male,1967-00-00,Lebanon,Beirut,LB,0000-00-00,,,,Scripps Research,La Jolla CA,USA
2021,997,David,Julius,medicine,2,"""for their discoveries of receptors for temperature and touch""",997,male,04/11/1955,USA,New York NY,US,0000-00-00,,,,University of California,San Francisco CA,USA
2021,1002,Benjamin,List,chemistry,2,"""for the development of asymmetric organocatalysis""",1002,male,11/01/1968,Germany,Frankfurt-on-the-Main,DE,0000-00-00,,,,Max-Planck-Institut für Kohlenforschung,Mülheim an der Ruhr,Germany
2022,1021,Ben,Bernanke,economics,3,"""for research on banks and financial crises""",1021,male,13/12/1953,USA,Augusta GA,US,0000-00-00,,,,The Brookings Institution,Washington D.C.,USA
2022,1020,Center for Civil Liberties,,peace,3,"""The Peace Prize laureates represent civil society in their home countries. They have for many years promoted the right to criticise power and protect the fundamental rights of citizens. They have made an outstanding effort to document war crimes human right abuses and the abuse of power. Together they demonstrate the significance of civil society for peace and democracy.""",1020,org,2007-00-00,,,,0000-00-00,,,,,,
2022,1019,Memorial,,peace,3,"""The Peace Prize laureates represent civil society in their home countries. They have for many years promoted the right to criticise power and protect the fundamental rights of citizens. They have made an outstanding effort to document war crimes human right abuses and the abuse of power. Together they demonstrate the significance of civil society for peace and democracy.""",1019,org,1987-00-00,,,,0000-00-00,,,,,,
2022,1018,Ales,Bialiatski,peace,3,"""The Peace Prize laureates represent civil society in their home countries. They have for many years promoted the right to criticise power and protect the fundamental rights of citizens. They have made an outstanding effort to document war crimes human right abuses and the abuse of power. Together they demonstrate the significance of civil society for peace and democracy.""",1018,male,25/09/1962,Russia,Vyartsilya Karelia,RU,0000-00-00,,,,,,
2022,1017,Annie,Ernaux,literature,1,"""for the courage and clinical acuity with which she uncovers the roots estrangements and  collective restraints of personal memory""",1017,female,01/09/1940,France,Lillebonne,FR,0000-00-00,,,,,,
2022,1016,Morten,Meldal,chemistry,3,"""for the development of click chemistry and bioorthogonal chemistry""",1016,male,1954-00-00,Denmark,Copenhagen,DK,0000-00-00,,,,University of Copenhagen,Copenhagen,Denmark
2022,1014,Anton,Zeilinger,physics,3,"""for experiments with entangled photons establishing the violation of Bell inequalities and  pioneering quantum information science""",1014,male,20/05/1945,Austria,Ried im Innkreis,AT,0000-00-00,,,,University of Vienna,Vienna,Austria
2022,1013,John F.,Clauser,physics,3,"""for experiments with entangled photons establishing the violation of Bell inequalities and  pioneering quantum information science""",1013,male,01/12/1942,USA,Pasadena CA,US,0000-00-00,,,,J.F. Clauser & Assoc.,Walnut Creek CA,USA
2022,1012,Alain,Aspect,physics,3,"""for experiments with entangled photons establishing the violation of Bell inequalities and  pioneering quantum information science""",1012,male,15/06/1947,France,Agen,FR,0000-00-00,,,,Institut d’Optique Graduate School – Université Paris-Saclay,Paris,France
2022,1011,Svante,Pääbo,medicine,1,"""for his discoveries concerning the genomes of extinct hominins and human evolution""",1011,male,20/04/1955,Sweden,Stockholm,SE,0000-00-00,,,,Max Planck Institute for Evolutionary Anthropology,Leipzig,Germany
2022,743,Barry,Sharpless,chemistry,3,"""for the development of click chemistry and bioorthogonal chemistry""",743,male,28/04/1941,USA,Philadelphia PA,US,0000-00-00,,,,The Scripps Research Institute,La Jolla CA,USA
2022,743,Barry,Sharpless,chemistry,3,"""for the development of click chemistry and bioorthogonal chemistry""",743,male,28/04/1941,USA,Philadelphia PA,US,0000-00-00,,,,Scripps Research,La Jolla CA,USA
2022,1022,Douglas,Diamond,economics,3,"""for research on banks and financial crises""",1022,male,25/10/1953,USA,Chicago IL,US,0000-00-00,,,,University of Chicago,Chicago IL,USA
2022,1015,Carolyn,Bertozzi,chemistry,3,"""for the development of click chemistry and bioorthogonal chemistry""",1015,female,10/10/1966,USA,Boston MA,US,0000-00-00,,,,Stanford University,Stanford CA,USA
2022,1023,Philip,Dybvig,economics,3,"""for research on banks and financial crises""",1023,male,22/05/1955,USA,Gainesville FL,US,0000-00-00,,,,Washington University,St. Louis MO,USA
